status,duration,credit_history,purpose,amount,savings,employment_duration,installment_rate,personal_status_sex,other_debtors,present_residence,property,age,other_installment_plans,housing,number_credits,job,people_liable,telephone,foreign_worker,credit_risk
14,18,31,41,1049,65,72,84,92,101,75,123,21,143,153,161,173,182,191,202,1
14,9,31,410,2799,65,73,82,93,101,73,124,36,143,153,162,173,181,191,202,1
11,12,30,48,841,61,74,82,92,101,75,124,23,143,153,161,172,182,191,202,1
14,12,31,410,2122,65,73,83,93,101,73,124,39,143,153,162,172,181,191,201,1
14,12,31,410,2171,65,73,84,93,101,75,123,38,141,151,162,172,182,191,201,1
14,10,31,410,2241,65,72,81,93,101,74,124,48,143,153,162,172,181,191,201,1
14,8,31,410,3398,65,74,81,93,101,75,124,39,143,151,162,172,182,191,201,1
14,6,31,410,1361,65,72,82,93,101,75,124,40,143,151,161,172,181,191,201,1
13,18,31,42,1098,65,71,84,92,101,75,122,65,143,151,162,171,182,191,202,1
11,24,30,42,3758,62,71,81,92,101,75,121,23,143,153,161,171,182,191,202,1
14,11,31,410,3905,65,73,82,93,101,73,124,36,143,153,162,173,181,191,202,1
14,30,31,40,6187,61,74,81,94,101,75,122,24,143,153,162,173,182,191,202,1
14,6,31,42,1957,65,74,81,92,101,75,122,31,143,151,161,173,182,191,202,1
11,48,32,49,7582,61,71,82,93,101,75,121,31,143,151,161,174,182,192,202,1
14,18,30,42,1936,64,74,82,94,101,75,122,23,143,153,162,172,182,191,202,1
14,6,30,42,2647,62,73,82,93,101,74,124,44,143,153,161,173,181,191,202,1
14,11,31,410,3939,65,73,81,93,101,73,124,40,143,151,162,172,181,191,202,1
11,18,30,42,3213,62,72,81,94,101,74,124,25,143,153,161,173,182,191,202,1
11,36,31,42,2337,65,75,84,93,101,75,124,36,143,151,161,173,182,191,202,1
13,11,31,410,7228,65,73,81,93,101,75,123,39,143,151,162,172,182,191,202,1
14,6,31,410,3676,65,73,81,93,101,74,124,37,143,153,163,173,181,191,202,1
11,12,31,410,3124,65,72,81,93,101,74,124,49,141,151,162,172,181,191,202,1
11,36,30,44,2384,65,72,84,93,101,72,121,33,143,153,161,172,182,191,202,0
11,12,31,43,1424,65,74,84,93,101,74,123,26,143,151,161,173,182,191,202,1
14,6,31,410,4716,64,72,81,93,101,74,124,44,143,151,162,172,181,191,202,1
11,11,32,42,4771,65,74,82,93,101,75,123,51,143,151,161,173,182,191,202,1
14,12,30,41,652,65,75,84,92,101,75,123,24,143,153,161,173,182,191,202,1
11,9,31,42,1154,65,75,82,93,101,75,124,37,143,151,163,172,182,191,202,1
13,15,30,410,3556,64,73,83,93,101,73,121,29,143,151,161,173,182,191,202,1
12,42,31,40,4796,65,75,84,93,101,75,121,56,143,152,161,173,182,191,202,1
12,30,31,42,3017,65,75,84,93,101,75,123,47,143,151,161,173,182,191,202,1
13,36,31,410,3535,65,74,84,93,101,75,122,37,143,151,162,173,182,192,202,1
13,36,31,410,6614,65,75,84,93,101,75,122,34,143,151,162,174,182,192,202,1
13,24,30,42,1376,62,74,84,92,101,72,122,28,143,151,161,173,182,191,202,1
14,15,30,410,1721,65,72,82,93,101,74,124,36,143,151,161,173,182,191,202,1
14,6,31,410,860,65,75,81,92,101,75,121,39,143,151,162,173,182,192,202,1
13,12,31,410,1495,65,75,84,93,101,72,124,38,143,151,162,172,181,191,202,1
13,12,31,42,1934,65,75,82,93,101,73,121,26,143,151,162,173,182,191,202,1
13,18,30,40,3378,64,73,82,93,101,72,123,31,143,151,161,173,182,192,202,1
13,24,31,40,3868,65,75,84,92,101,73,122,41,143,153,162,174,182,192,202,1
13,12,31,44,996,64,74,84,92,101,75,124,23,143,151,162,173,182,191,202,1
14,24,30,49,1755,65,75,84,92,103,75,124,58,143,151,161,172,182,192,202,1
13,18,31,410,1028,65,73,84,92,101,74,124,36,143,151,162,173,182,191,202,1
11,24,31,48,2825,64,74,84,93,101,74,121,34,143,151,162,173,181,192,202,1
11,18,30,45,1239,64,73,84,93,101,75,121,61,143,152,161,173,182,191,202,1
14,18,30,410,1216,65,72,84,92,101,74,122,23,143,153,161,173,182,192,202,0
13,24,30,48,1258,65,74,84,93,101,72,124,25,143,151,161,173,182,192,202,1
13,18,31,45,1864,61,73,84,92,101,73,124,30,143,151,162,173,182,191,202,0
13,24,30,410,1474,61,72,84,94,101,74,124,33,143,151,161,173,182,192,202,1
14,24,31,48,1382,61,74,84,93,101,72,124,26,143,151,162,173,182,192,202,1
13,12,30,410,640,65,73,84,91,101,73,124,49,143,151,161,172,182,191,202,1
12,36,30,42,3919,65,73,82,93,101,73,124,23,143,151,161,173,182,192,202,1
13,9,31,410,1224,65,73,83,93,101,72,124,30,143,151,162,173,182,191,202,1
13,12,31,42,2331,64,75,81,93,102,75,124,49,143,151,161,173,182,192,202,1
13,24,30,40,6313,64,75,83,93,101,75,122,41,143,151,161,174,181,192,202,1
14,12,31,42,385,65,74,84,92,101,74,124,58,143,151,164,172,182,192,202,1
13,12,31,42,1655,65,75,82,93,101,75,124,63,143,151,162,172,182,192,202,1
14,15,30,42,1053,65,72,84,94,101,73,124,27,143,151,161,173,182,191,201,1
13,21,30,42,3160,64,75,84,93,101,74,123,41,143,151,161,173,182,192,202,1
13,36,30,410,3079,64,73,84,93,101,75,124,36,143,151,161,173,182,191,202,1
13,12,31,410,1163,62,73,84,93,101,75,124,44,143,151,161,173,182,192,202,1
13,24,30,40,2679,65,72,84,92,101,72,121,29,143,151,161,174,182,192,202,1
13,48,31,42,3578,64,75,84,93,101,72,124,47,143,151,161,173,182,192,202,1
13,36,32,410,10875,65,75,82,93,101,73,122,45,143,151,162,173,181,192,202,1
14,12,32,410,1344,65,73,84,93,101,73,124,43,143,151,162,172,181,191,202,1
13,6,31,42,1237,61,73,81,92,101,72,123,27,143,151,162,173,182,191,202,1
13,12,30,42,3077,65,73,82,93,101,75,122,52,143,151,161,173,182,192,202,1
13,24,30,42,2284,65,74,84,93,101,73,122,28,143,151,161,173,182,192,202,1
11,12,30,42,1567,65,73,81,92,101,72,122,22,143,151,161,173,182,192,202,1
13,24,32,410,2032,65,75,84,93,101,75,121,60,143,152,162,173,182,192,202,1
11,21,31,41,2745,63,74,83,93,101,73,122,32,143,151,162,173,182,192,202,1
13,30,30,42,1867,64,75,84,93,101,75,122,58,143,151,161,173,182,192,202,1
13,36,30,42,2299,62,75,84,93,101,75,122,39,143,151,161,173,182,191,202,1
13,24,30,41,929,64,74,84,93,101,73,122,31,142,151,161,173,182,192,202,1
12,12,30,42,3399,64,75,82,93,101,74,122,37,143,151,161,174,182,191,202,1
11,9,30,41,2030,64,74,82,93,101,72,122,24,143,151,161,173,182,192,202,1
13,21,31,40,3275,65,75,81,93,101,75,122,36,143,151,161,174,182,192,202,1
13,24,31,410,1940,63,75,84,93,101,75,124,60,143,151,161,173,182,192,202,1
14,21,31,410,1602,65,75,84,94,101,74,122,30,143,151,162,173,182,192,202,1
13,15,30,42,1979,64,75,84,93,101,73,122,35,143,151,161,173,182,191,202,1
13,24,31,410,2022,65,73,84,92,101,75,122,37,143,151,161,173,182,192,202,1
13,36,31,42,3342,64,75,84,93,101,73,122,51,143,151,161,173,182,192,202,1
11,18,30,410,5866,61,73,82,93,101,73,122,30,143,151,162,173,182,192,202,1
12,15,31,40,2360,62,73,82,93,101,73,122,36,143,151,161,173,182,192,202,1
13,15,31,41,1520,64,75,84,93,101,75,123,63,143,151,161,173,182,191,202,1
14,12,30,410,3651,63,73,81,93,101,74,123,31,143,151,161,173,181,191,202,1
13,24,31,40,2346,65,74,84,93,101,74,122,35,143,151,162,173,182,192,202,1
13,36,32,42,4454,65,73,84,92,101,75,124,34,143,151,162,173,182,191,202,1
14,6,31,410,666,63,74,83,92,101,75,124,39,143,151,162,172,182,192,202,1
11,24,32,410,1965,64,73,84,92,101,75,122,42,143,153,162,173,182,192,202,1
11,12,31,410,1995,61,72,84,93,101,72,122,27,143,151,161,173,182,191,202,1
11,30,30,42,2991,64,75,82,92,101,75,122,25,143,151,161,173,182,191,202,1
11,30,33,48,4221,65,73,82,92,101,72,122,28,143,151,162,173,182,191,202,1
14,9,30,42,1364,65,74,83,93,101,75,124,59,143,151,161,173,182,191,202,1
11,18,31,41,6361,65,75,82,93,101,72,121,41,143,151,161,173,182,192,202,1
13,27,31,41,4526,63,72,84,93,101,73,124,32,142,151,162,172,181,192,202,1
11,12,31,42,3573,65,73,81,92,101,72,124,23,143,151,161,172,182,191,202,1
11,36,32,48,4455,65,73,82,91,101,73,124,30,142,151,162,174,182,192,202,0
14,9,30,41,2136,65,73,83,93,101,73,124,25,143,151,161,173,182,191,202,1
11,42,31,48,5954,65,74,82,92,101,72,124,41,141,151,162,172,182,191,202,1
13,24,31,41,3777,63,73,84,93,101,75,124,40,143,151,161,173,182,192,202,1
14,15,30,48,806,65,73,84,92,101,75,123,22,143,151,161,172,182,191,202,1
11,24,32,48,4712,64,73,84,93,101,73,123,34,141,151,162,174,182,192,202,1
11,36,32,410,7432,65,73,82,92,101,73,123,54,143,153,161,173,182,191,202,1
13,24,31,42,1851,65,74,84,94,103,73,122,33,143,151,162,173,182,192,202,1
13,24,30,410,1393,65,73,82,93,103,73,124,31,143,151,161,173,182,192,202,1
13,12,31,48,1412,65,73,84,92,103,73,124,29,143,151,162,174,182,192,202,1
13,18,30,42,1473,65,72,83,94,101,75,124,39,143,151,161,173,182,192,202,1
13,24,30,42,1533,65,72,84,92,101,74,122,38,142,151,161,173,182,192,202,1
13,12,31,45,2012,64,74,84,92,101,73,122,61,143,151,161,173,182,191,202,1
14,15,30,410,3959,65,73,83,92,101,73,123,29,143,151,161,173,182,192,202,0
14,6,30,41,428,65,75,82,92,101,72,123,49,141,151,161,173,182,192,202,1
11,12,31,410,2366,62,74,83,91,101,74,122,36,143,151,161,174,182,192,202,1
13,12,30,41,763,65,73,84,92,101,72,124,26,143,151,161,173,182,192,202,1
11,21,30,41,3976,64,74,82,93,101,74,122,35,143,151,161,173,182,192,202,1
11,18,30,410,6260,65,74,83,93,101,74,124,28,143,153,161,172,182,191,202,1
11,9,31,41,1919,65,74,84,93,101,74,122,35,143,153,161,173,182,192,202,1
13,24,30,40,2603,63,73,82,92,101,75,122,28,143,153,161,173,182,192,202,1
13,9,31,45,936,62,75,84,93,101,73,122,52,143,151,162,173,182,192,202,1
13,24,30,41,3062,62,75,84,93,101,74,121,32,143,153,161,173,182,192,202,1
11,36,30,42,4795,65,72,84,92,101,72,121,30,143,151,161,174,182,192,202,1
13,36,31,40,5842,65,75,82,93,101,73,123,35,143,151,162,173,181,192,202,1
11,6,30,42,2063,65,72,84,94,101,74,122,30,143,153,161,174,182,192,202,1
13,15,31,42,1459,65,73,84,92,101,73,122,43,143,151,161,172,182,191,202,1
13,15,30,42,1213,62,75,84,93,101,74,123,47,142,151,161,173,182,192,202,1
13,24,31,42,5103,65,72,83,94,101,74,121,47,143,152,163,173,182,192,202,1
13,15,30,43,874,64,72,84,92,101,72,124,24,143,151,161,173,182,191,202,1
13,6,30,41,2978,62,73,81,93,101,73,122,32,143,151,161,173,182,192,202,1
13,18,30,410,1820,65,73,82,94,101,73,123,30,143,151,161,174,182,192,202,1
13,24,31,42,2872,61,75,83,93,101,75,124,36,143,151,161,173,181,192,202,1
12,24,30,41,1925,65,73,82,93,101,73,124,26,143,151,161,173,182,191,202,1
13,18,30,41,2515,65,73,83,93,101,75,124,43,143,151,161,173,182,192,202,1
12,6,30,41,2116,65,73,82,93,101,73,124,41,143,151,161,173,182,192,202,1
13,18,30,42,1453,65,72,83,92,101,72,124,26,143,151,161,173,182,191,202,1
13,10,30,410,1364,65,73,82,92,101,75,122,64,143,151,161,173,182,192,202,1
13,6,30,41,1543,63,73,84,91,101,73,124,33,143,151,161,173,182,191,202,1
11,12,30,410,1318,63,75,84,93,101,75,124,54,143,151,161,173,182,192,202,1
14,24,34,410,2325,61,74,82,93,101,74,122,32,141,151,161,173,182,191,202,1
11,6,31,47,932,64,74,81,92,101,74,123,39,143,151,162,172,182,191,202,1
12,24,31,42,3148,64,73,83,93,101,73,122,31,143,151,162,173,182,192,202,1
13,36,30,42,3835,64,75,82,92,101,75,124,45,143,151,161,172,182,192,202,1
13,9,30,45,3832,64,75,81,93,101,75,124,64,143,151,161,172,182,191,202,1
11,24,30,42,5084,64,75,82,92,101,75,122,42,143,151,161,173,182,192,202,1
13,9,31,41,2406,65,71,82,93,101,74,122,31,143,151,161,174,182,191,202,1
13,36,30,42,2394,64,73,84,92,101,75,122,25,143,151,161,173,182,191,202,1
13,21,30,40,2476,64,75,84,93,101,75,124,46,143,151,161,174,182,192,202,1
14,24,30,40,2964,64,75,84,93,101,75,121,49,141,152,161,173,181,192,202,1
14,12,30,41,1262,64,75,82,91,101,75,123,49,143,151,161,172,182,192,202,1
13,12,30,48,1542,65,74,82,93,101,75,122,36,143,151,161,173,182,192,202,1
11,24,31,42,1743,65,75,84,93,101,73,123,48,143,151,162,172,182,191,202,1
12,12,34,42,409,63,73,83,92,101,74,124,42,143,153,162,173,182,191,202,1
13,12,30,42,2171,65,72,82,92,101,73,122,29,141,151,161,173,182,191,202,1
13,48,31,40,8858,64,74,82,93,101,72,121,35,143,152,162,173,182,192,202,1
11,24,30,410,3512,61,74,82,93,101,74,122,38,141,151,162,173,182,192,202,1
11,12,30,42,1158,62,73,83,91,101,72,122,26,143,151,161,173,182,192,202,1
13,24,31,42,2684,65,73,84,93,101,73,124,35,143,151,162,172,182,191,202,1
14,12,30,42,1498,65,73,84,92,101,72,122,23,141,151,161,173,182,191,202,1
13,30,31,42,5954,65,74,83,93,102,73,122,38,143,151,161,173,182,191,202,1
11,48,34,48,6416,65,75,84,92,101,74,121,59,143,153,161,173,182,191,202,0
11,12,31,41,3617,65,75,81,93,101,75,122,28,143,153,163,173,182,192,202,1
13,12,31,42,1291,65,73,84,92,101,73,123,35,143,151,162,173,182,191,202,1
12,24,31,48,1275,63,73,82,91,101,75,124,36,143,151,162,173,182,192,202,1
13,24,30,41,3972,65,74,82,92,101,75,123,25,143,153,161,173,182,192,202,1
13,15,31,41,3343,65,73,84,93,101,73,121,28,143,152,161,173,182,192,202,1
12,15,30,45,392,65,72,84,92,101,75,123,23,143,153,161,173,182,192,202,1
13,9,31,410,2134,65,73,84,93,101,75,122,48,143,151,163,173,182,192,202,1
13,30,31,42,5771,65,74,84,92,101,73,122,25,143,151,162,173,182,191,202,1
13,24,31,48,4526,65,73,83,93,101,73,124,74,143,151,161,174,182,192,202,1
13,15,31,41,2788,65,74,82,92,102,74,122,24,141,151,162,173,182,191,202,1
13,6,31,42,1382,65,73,81,92,101,72,122,28,143,151,162,173,182,192,202,1
12,36,30,42,5848,65,73,84,93,101,72,122,24,143,151,161,173,182,191,202,1
14,12,30,410,1228,65,73,84,92,101,73,124,24,143,151,161,172,182,191,202,0
12,12,30,42,1297,65,73,83,94,101,75,124,23,143,153,161,173,182,191,202,1
13,24,30,42,1552,65,74,83,93,101,72,122,32,141,151,161,173,181,191,202,1
13,12,30,42,1963,65,74,84,93,101,73,122,31,143,153,162,174,181,192,202,1
13,24,30,42,3235,62,75,83,91,101,73,122,36,143,151,161,174,182,192,202,1
13,24,31,48,4139,61,73,83,93,101,74,123,27,143,151,162,172,182,192,202,1
11,12,31,40,1804,61,72,83,93,101,75,123,44,143,151,161,173,182,191,202,1
13,18,30,48,1950,65,74,84,93,101,72,122,34,142,151,162,173,182,192,202,1
13,48,32,42,12749,62,74,84,93,101,72,122,37,143,151,161,174,182,192,202,1
13,9,30,43,1236,65,72,81,92,101,75,124,23,143,153,161,173,182,192,202,1
13,18,31,410,1055,65,72,84,92,101,72,123,30,143,151,162,173,182,191,202,1
14,30,33,48,8072,64,72,82,93,101,74,122,25,141,151,163,173,182,191,202,1
13,30,31,42,2831,65,73,84,92,101,73,122,33,143,151,161,173,182,192,202,1
13,9,30,48,1449,65,74,83,92,101,73,122,27,143,151,162,173,182,191,202,1
13,36,30,48,5742,61,74,82,93,101,73,122,31,143,151,162,173,182,192,202,1
13,12,30,410,2390,64,75,84,93,101,74,122,50,143,151,161,173,182,192,202,1
13,24,30,42,3430,62,75,83,93,101,73,122,31,143,151,161,173,181,192,202,1
11,36,30,45,2273,65,74,83,93,101,72,122,32,143,151,162,173,181,191,202,1
12,21,30,410,2923,61,73,81,92,101,72,122,28,141,151,161,174,182,192,202,1
13,24,30,42,1901,61,73,84,93,101,75,122,29,143,153,161,174,182,192,202,1
11,36,30,45,3711,64,73,82,94,101,73,122,27,143,151,161,173,182,191,202,1
11,48,30,410,8487,64,74,81,92,101,73,122,24,143,151,161,173,182,191,202,1
13,24,30,410,2255,64,72,84,93,101,72,123,54,143,151,161,173,182,191,202,1
13,12,30,42,1262,65,73,83,93,101,73,122,25,143,151,161,173,182,191,202,1
13,33,31,40,7253,65,74,83,93,101,73,122,35,143,151,162,174,182,192,202,1
13,6,31,410,6761,65,74,81,93,101,74,121,45,143,151,162,174,181,192,202,1
13,18,31,41,1817,65,73,84,92,101,73,121,28,143,151,162,173,182,191,202,1
13,12,30,42,2141,61,74,83,93,101,72,121,35,143,151,161,173,182,191,202,1
13,48,34,48,3609,65,73,81,92,101,72,124,27,142,151,161,173,182,191,202,1
13,30,30,42,2333,62,75,84,93,101,73,122,30,141,151,161,174,182,191,202,1
13,28,34,40,7824,64,72,83,93,103,75,124,40,141,153,162,173,181,192,202,1
12,18,34,42,1445,64,74,84,93,101,75,122,49,141,151,161,172,182,191,202,1
14,24,30,41,7721,64,72,81,92,101,73,123,30,143,151,161,173,182,192,201,1
14,21,30,410,3763,64,74,82,93,102,73,124,24,143,151,161,172,182,191,201,1
11,18,30,48,4439,65,75,81,93,102,72,124,33,141,151,161,174,182,192,202,1
14,12,30,42,1107,65,73,82,93,101,73,124,20,143,153,161,174,181,192,202,1
11,15,30,42,1444,64,72,84,93,101,72,123,23,143,151,161,173,182,191,202,1
11,48,34,410,12169,64,71,84,93,102,75,121,36,143,152,161,174,182,192,202,1
13,9,30,42,2753,61,75,83,93,102,75,122,35,143,151,161,173,182,192,202,1
12,4,30,410,1494,64,72,81,93,101,73,124,29,143,151,161,172,181,191,201,1
14,24,34,41,2828,62,73,84,93,101,75,124,22,142,151,161,173,182,192,202,1
14,24,34,41,2483,62,73,84,93,101,75,124,22,142,151,161,173,182,192,202,1
12,6,31,410,1299,65,73,81,93,101,72,124,74,143,151,163,171,181,191,201,1
11,9,30,410,1549,64,72,84,93,101,73,124,35,143,151,161,171,182,191,202,1
12,10,30,410,3949,65,72,81,93,103,72,123,37,143,151,161,172,181,191,202,1
13,10,30,40,2901,64,72,81,92,101,75,124,31,143,153,161,173,182,191,202,1
12,6,30,410,709,63,72,82,94,101,73,124,27,143,151,161,171,182,191,201,1
14,47,30,410,10722,65,72,81,92,101,72,124,35,143,151,161,172,182,192,202,1
13,10,30,410,1287,64,75,84,93,102,73,123,45,143,151,161,172,182,191,201,1
14,18,34,42,1940,65,72,83,93,102,75,121,36,141,152,161,174,182,192,202,1
12,30,31,42,3656,64,75,84,93,101,75,123,49,142,151,162,172,182,191,202,1
13,24,32,40,4679,65,74,83,93,101,74,122,35,143,151,162,172,182,192,202,1
13,27,32,40,8613,63,73,82,93,101,73,122,27,143,151,162,173,182,191,202,1
14,18,30,41,2659,63,73,84,93,101,73,122,28,143,151,161,173,182,191,202,1
13,24,31,42,1516,63,73,84,92,101,72,124,43,143,151,162,172,182,191,202,1
14,18,30,410,4380,61,73,83,93,101,75,122,35,143,151,161,172,181,192,202,1
13,14,32,410,802,65,73,84,93,101,73,122,27,143,151,162,172,182,191,202,1
13,21,30,48,1572,63,75,84,92,101,75,124,36,141,151,161,172,182,191,202,1
11,48,34,48,3566,61,74,84,93,101,73,122,30,143,151,161,173,182,191,202,1
13,24,30,42,1278,65,75,84,93,101,72,124,36,143,151,161,174,182,192,202,1
13,6,33,42,426,65,75,84,94,101,75,122,39,143,151,161,172,182,191,202,1
13,39,30,40,8588,61,75,84,93,101,73,122,45,143,151,161,174,182,192,202,1
14,30,30,40,3857,65,73,84,91,101,75,123,40,143,151,161,174,182,192,202,1
11,12,30,410,685,65,74,82,94,101,74,122,25,141,151,161,172,182,191,202,0
14,24,30,42,1603,65,75,84,92,101,75,122,55,143,151,161,173,182,191,202,1
13,21,30,41,2241,65,75,84,93,101,73,124,50,143,151,162,173,182,191,202,1
14,24,30,42,2384,65,75,84,93,101,75,124,64,141,153,161,172,182,191,202,1
13,4,30,41,601,65,72,81,92,101,74,124,23,143,153,161,172,181,191,202,1
13,39,30,40,2569,62,73,84,93,101,75,122,24,143,151,161,173,182,191,202,1
13,15,31,42,1316,62,73,82,94,101,73,123,47,143,151,162,172,182,191,202,1
13,60,30,410,10366,65,75,82,93,101,75,123,42,143,151,161,174,182,192,202,1
13,18,30,48,1568,61,73,83,92,101,75,123,24,143,153,161,172,182,191,202,1
13,18,31,42,629,62,75,84,93,101,74,123,32,141,151,162,174,182,192,202,1
13,6,34,42,1750,62,75,82,93,101,75,123,45,141,151,161,172,181,191,202,1
13,24,30,40,3488,61,74,83,92,101,75,122,23,143,151,161,173,182,191,202,1
13,18,31,42,1800,65,73,84,93,101,73,122,24,143,151,162,173,182,191,202,1
13,24,32,41,4151,61,73,82,93,101,74,123,35,143,151,162,173,182,191,202,1
11,15,30,44,2631,61,73,83,92,101,73,124,25,143,151,161,172,182,191,202,1
13,21,30,40,5248,64,73,81,93,101,74,122,26,143,151,161,173,182,191,202,1
11,18,32,410,2899,64,75,84,93,101,75,122,43,143,151,161,173,181,191,202,1
11,18,32,44,6204,65,73,82,93,101,75,124,44,143,151,161,172,181,192,202,1
13,12,30,42,804,65,75,84,93,101,75,122,38,143,151,161,173,182,191,202,1
13,36,30,42,3595,65,75,84,93,101,73,122,28,143,151,161,173,182,191,202,1
13,36,31,40,5711,63,75,84,93,101,73,122,38,143,151,162,174,182,192,202,1
12,15,30,48,2687,65,74,82,93,101,75,123,26,143,153,161,173,182,192,202,1
14,15,32,41,3643,65,75,81,92,101,75,123,27,143,151,162,172,182,191,202,1
13,10,31,41,2146,65,72,81,92,101,74,124,23,143,153,162,173,182,191,202,1
14,10,30,42,2315,65,75,83,93,101,75,124,52,143,151,161,172,182,191,202,1
13,5,30,48,3448,65,74,81,93,101,75,124,74,143,151,161,172,182,191,202,1
13,15,30,41,2708,65,72,82,93,101,74,123,27,141,151,162,172,182,191,202,1
13,11,31,410,1393,65,72,84,92,101,75,122,35,143,151,162,174,182,191,202,1
12,10,30,41,1275,65,72,84,92,101,73,123,23,143,151,161,173,182,191,202,1
13,9,30,41,1313,65,75,81,93,101,75,122,20,143,151,161,173,182,191,202,1
13,12,30,42,1493,65,72,84,92,101,74,122,34,143,151,161,173,181,191,202,1
13,22,30,42,2675,62,75,83,93,101,75,122,40,143,151,161,173,182,191,202,1
11,9,30,42,2118,65,73,82,93,101,73,124,37,143,151,161,172,181,191,202,1
13,36,30,410,909,62,75,84,93,101,75,123,36,143,151,161,173,182,191,202,1
13,12,31,41,1258,65,72,82,92,101,75,123,22,143,153,162,172,182,191,202,1
13,15,34,42,1569,61,75,84,93,101,75,122,34,141,151,161,172,181,191,202,1
13,6,30,40,1236,62,73,82,93,101,75,123,50,143,153,161,173,182,191,202,1
13,36,32,41,7678,62,74,82,92,101,75,122,40,143,151,162,173,182,192,202,1
13,6,30,44,660,62,74,82,94,101,75,124,23,143,153,161,172,182,191,202,1
13,24,30,41,2835,62,75,83,93,101,75,123,53,143,151,161,173,182,191,202,1
13,24,30,40,2670,65,75,84,93,101,75,122,35,143,151,161,174,182,192,202,1
13,12,34,47,3447,62,73,84,92,101,74,124,35,143,151,161,172,181,191,202,1
13,15,30,42,3568,65,75,84,92,101,73,122,54,141,153,161,174,182,192,202,1
11,21,31,48,3652,65,74,82,93,101,74,123,27,143,151,162,173,182,191,202,1
14,24,30,42,3660,65,73,82,92,101,75,122,28,143,151,161,173,182,191,202,1
12,9,30,42,1126,61,75,82,91,101,75,124,49,143,151,161,173,182,191,202,1
12,6,32,42,683,65,72,82,92,101,72,123,29,141,151,161,173,182,191,202,1
12,12,30,41,2251,65,73,81,92,101,73,122,46,143,151,161,172,182,191,202,1
13,12,30,40,4675,64,72,81,92,101,75,122,20,143,153,161,173,182,191,202,1
11,21,32,410,2353,65,73,81,91,101,75,123,47,143,151,162,173,182,191,202,1
14,21,30,42,3357,63,72,84,92,101,73,122,29,141,151,161,173,182,191,202,1
13,6,30,410,672,65,71,81,92,101,75,124,54,143,151,161,171,182,192,202,1
14,6,31,42,338,62,75,84,93,101,75,122,52,143,151,162,173,182,191,202,1
13,9,30,42,2697,65,73,81,93,101,73,124,32,143,151,161,173,181,191,202,1
13,9,30,410,2507,62,75,82,93,101,75,121,51,143,152,161,172,182,191,202,1
13,15,32,42,1478,65,73,84,94,101,74,124,33,141,151,162,173,182,191,202,1
13,12,31,45,3565,64,72,82,93,101,72,123,37,143,151,162,172,181,191,202,1
13,15,30,41,2221,62,73,82,92,101,75,122,20,143,153,161,173,182,191,202,1
13,6,31,42,1898,64,73,81,93,101,73,124,34,143,151,162,172,181,191,202,1
11,6,32,48,1449,61,75,81,91,101,73,122,31,141,151,162,173,181,191,202,1
13,15,32,41,960,63,74,83,92,101,73,123,30,143,151,162,173,182,191,202,1
13,36,30,40,8133,65,73,81,92,101,73,123,30,141,151,161,173,182,191,202,1
13,9,30,41,2301,61,72,82,92,101,75,123,22,143,153,161,173,182,191,202,1
13,6,32,48,1743,61,73,81,93,101,73,124,34,143,151,162,172,182,191,202,1
11,12,30,41,983,63,72,81,92,101,75,124,19,143,153,161,172,182,191,202,1
13,18,32,42,2320,65,71,82,94,101,74,124,34,143,151,162,173,182,191,202,1
14,12,34,47,339,65,75,84,94,101,72,122,45,141,151,161,172,182,191,202,1
12,24,30,42,5152,65,74,84,93,101,73,122,25,141,151,161,173,182,191,202,1
12,24,30,41,3749,65,72,82,92,101,75,122,26,143,151,161,173,182,191,202,1
13,9,31,42,3074,64,73,81,93,101,73,124,33,143,151,162,173,181,191,202,1
12,9,30,42,745,65,73,83,92,101,73,124,28,143,151,161,172,182,191,202,0
13,24,30,410,1469,61,75,84,94,101,75,124,41,143,153,161,172,182,191,202,1
14,6,30,41,1374,65,73,81,93,101,73,124,36,141,151,161,172,182,192,202,1
13,6,34,410,783,64,73,81,93,103,73,124,26,142,151,161,172,181,191,202,1
14,21,30,42,2606,65,72,84,92,101,75,123,28,143,153,161,174,182,192,202,1
13,54,33,40,9436,64,73,82,93,101,73,123,39,143,151,161,172,181,191,202,1
13,12,31,42,930,64,75,84,93,101,75,124,65,143,151,164,173,182,191,202,1
13,48,31,40,2751,64,75,84,93,101,74,122,38,143,151,162,173,181,192,202,1
13,6,31,410,250,63,73,82,92,101,73,124,41,141,151,162,172,182,191,202,1
11,24,30,410,1201,65,72,84,93,101,72,123,26,143,151,161,173,182,191,202,1
14,6,30,410,662,65,72,83,93,101,75,124,41,143,151,161,172,181,192,202,1
13,15,30,40,1300,64,75,84,93,101,75,121,45,141,152,161,173,181,191,202,1
13,24,34,48,1559,65,74,84,93,101,75,122,40,141,151,161,173,182,192,202,1
12,12,30,42,3016,65,73,83,94,101,72,122,24,143,151,161,173,182,191,202,1
13,15,31,42,1360,65,73,84,93,101,73,123,31,143,151,162,173,182,191,202,1
13,6,33,410,1204,61,73,84,93,101,72,121,35,141,153,161,173,182,191,201,1
13,10,30,410,1597,62,73,83,93,101,73,121,40,143,153,161,172,181,191,201,1
13,12,30,42,2073,61,73,84,92,102,73,124,28,143,151,161,173,182,191,202,1
13,11,30,48,2142,63,75,81,91,101,73,124,28,143,151,161,173,182,192,202,1
14,10,31,41,2132,64,72,82,92,102,74,124,27,143,153,162,173,182,191,201,1
13,10,30,410,1546,65,73,83,93,101,73,124,31,143,151,161,172,181,191,201,1
13,24,31,410,1287,63,75,84,92,101,75,124,37,143,151,162,173,182,192,202,1
13,10,30,410,1418,61,73,83,93,101,73,124,35,143,153,161,172,182,191,201,1
12,6,31,410,1343,65,75,81,93,101,75,124,46,143,151,162,173,181,191,201,1
13,18,30,410,2662,64,74,84,93,101,74,123,32,143,151,161,173,182,191,201,1
13,18,31,42,6070,65,75,83,93,101,75,122,33,143,151,162,173,182,192,202,1
13,24,31,45,1927,64,73,83,92,101,73,122,33,143,151,162,173,182,192,202,1
13,18,31,42,2404,65,73,82,92,101,73,122,26,143,151,162,173,182,191,202,1
13,6,31,42,1554,65,74,81,92,101,73,122,24,143,153,162,173,182,192,202,1
13,22,30,410,1283,64,74,84,92,101,75,123,25,143,153,161,173,182,191,202,1
13,24,32,410,717,64,75,84,94,101,75,122,54,143,151,162,173,182,192,202,1
14,24,30,41,1747,65,72,84,93,102,72,123,24,143,151,161,172,182,191,201,1
14,9,31,44,1288,61,75,83,93,103,75,124,48,143,151,162,173,181,191,201,1
14,10,31,410,1038,65,74,84,93,102,74,123,49,143,151,162,173,182,192,202,1
13,10,30,40,2848,61,73,81,93,102,73,124,32,143,151,161,173,181,191,202,1
13,12,30,40,1413,63,74,83,93,101,73,123,55,143,151,161,173,182,191,201,1
13,30,31,42,3077,64,75,83,93,101,73,122,40,143,151,162,173,181,192,202,1
14,24,34,40,3632,65,73,81,92,103,75,122,22,141,153,161,173,182,191,201,1
13,18,31,40,3229,64,71,82,93,101,75,121,38,143,151,161,174,182,192,202,1
13,9,30,410,3577,61,73,81,93,103,73,124,26,143,153,161,173,181,191,201,1
13,12,31,410,682,61,74,84,92,101,74,122,51,143,151,162,173,182,192,202,1
13,10,30,42,1924,65,73,81,93,101,75,123,38,143,151,161,173,182,192,201,1
13,10,30,45,727,62,75,84,93,101,75,121,46,143,152,161,173,182,192,202,1
12,10,31,410,781,65,75,84,93,101,75,121,63,143,152,162,173,182,192,202,1
14,12,31,410,2121,65,73,84,93,101,73,123,30,143,151,162,173,182,191,202,1
13,12,31,45,701,65,73,84,93,101,73,122,32,143,151,162,173,182,191,202,1
13,10,31,41,2069,64,73,82,94,101,72,122,26,143,151,162,173,182,191,201,1
13,24,30,410,1525,63,74,84,92,101,74,122,34,143,151,161,173,181,192,202,1
13,48,31,48,7629,64,75,84,91,101,73,122,46,141,151,162,174,181,191,202,1
14,12,31,410,3499,65,73,83,92,102,73,124,29,143,151,162,173,182,191,202,0
13,6,30,42,1346,61,75,82,93,101,75,121,42,141,152,161,173,181,192,202,1
13,36,31,40,10477,64,75,82,93,101,75,121,42,143,152,162,173,182,191,202,1
14,24,30,40,2924,65,73,83,93,103,75,121,63,141,151,161,173,181,192,202,1
13,10,31,410,1231,65,75,83,93,101,75,124,32,143,151,162,172,181,191,201,1
12,18,30,410,1961,65,75,83,92,101,73,122,23,143,151,161,174,182,191,202,1
13,15,31,410,5045,64,75,81,92,101,75,122,59,143,151,161,173,182,192,202,1
13,12,31,410,1255,65,75,84,93,101,75,124,61,143,151,162,172,182,191,202,1
14,12,30,41,1858,65,72,84,92,101,72,122,22,143,153,161,173,182,191,202,1
13,6,31,41,1221,64,73,81,94,101,73,123,27,143,151,162,173,182,191,202,1
13,9,30,41,1388,65,73,84,92,101,73,124,26,143,153,161,173,182,191,202,1
13,12,30,42,2279,64,73,84,93,101,75,121,37,143,152,161,173,182,192,202,1
13,12,33,41,2759,65,75,82,93,101,75,123,34,143,151,162,173,182,191,202,1
12,24,30,42,1258,62,73,83,92,101,74,122,57,143,151,161,172,182,191,202,1
11,12,33,47,1410,65,73,82,93,101,73,124,31,143,151,161,172,182,192,202,1
14,15,30,410,1403,65,73,82,92,101,75,122,28,143,153,161,173,182,191,202,1
14,24,30,41,3021,65,73,82,91,101,73,124,24,143,153,161,172,182,191,202,1
14,24,30,48,6568,65,73,82,94,101,73,122,21,142,151,161,172,182,191,202,1
13,24,31,42,2578,63,75,82,93,101,73,122,34,143,151,161,173,182,191,202,1
11,24,31,40,7758,63,75,82,92,101,75,121,29,143,153,161,173,182,191,202,1
14,6,30,43,343,65,72,84,92,101,72,124,27,143,151,161,173,182,191,202,1
13,21,32,41,1591,61,74,84,93,101,74,124,34,143,151,162,174,182,191,202,1
14,27,30,42,3416,65,73,83,93,101,73,122,27,143,151,161,174,182,191,202,1
14,12,33,44,1108,65,74,84,93,101,74,124,28,143,151,162,173,182,191,202,0
11,27,32,40,5965,65,75,81,93,101,73,122,30,143,151,162,174,182,192,202,1
11,15,30,44,1514,61,73,84,93,103,73,124,22,143,151,161,173,182,191,202,1
13,30,31,42,6742,64,74,82,93,101,74,123,36,143,151,162,173,182,191,202,1
14,18,30,41,3650,65,72,81,92,101,75,122,22,143,153,161,173,182,191,202,1
14,21,30,41,3599,65,74,81,92,101,75,122,26,143,153,161,172,182,191,202,1
13,60,31,410,13756,64,75,82,93,101,75,121,63,141,152,161,174,182,192,202,1
11,9,30,410,276,65,73,84,94,101,75,124,22,143,153,161,172,182,191,202,1
13,42,31,41,4041,62,73,84,93,101,75,124,36,143,151,162,173,182,192,202,1
11,9,30,42,458,65,73,84,93,101,74,124,24,143,151,161,173,182,191,202,1
11,9,30,41,918,65,73,84,92,101,72,123,30,143,151,161,173,182,191,202,0
13,24,30,410,7393,65,73,81,93,101,75,123,43,143,151,161,172,181,191,202,1
12,10,30,43,1225,65,73,82,93,101,73,122,37,143,151,161,173,182,192,202,1
14,24,30,40,2812,64,75,82,92,101,75,124,26,143,153,161,173,182,191,202,1
13,15,30,40,3029,65,74,82,93,101,73,122,33,143,151,161,173,182,191,202,1
12,12,31,410,1480,62,71,82,93,101,75,121,66,141,152,163,171,182,191,202,1
12,6,31,45,1047,65,73,82,92,101,75,123,50,143,151,161,172,182,191,202,1
13,15,31,42,1471,65,73,84,93,101,75,121,35,143,152,162,173,182,192,202,1
13,24,30,41,5511,61,73,84,93,101,72,122,25,142,151,161,173,182,191,202,1
11,9,30,42,1206,65,75,84,92,101,75,124,25,143,151,161,173,182,191,202,1
11,24,32,42,6403,65,72,81,93,101,73,122,33,143,151,161,173,182,191,202,1
13,12,30,42,707,65,73,84,93,101,73,124,30,141,151,162,173,182,191,202,1
13,12,32,40,1503,65,73,84,94,101,75,124,41,143,153,161,173,182,191,202,1
11,12,30,410,6078,65,74,82,93,101,73,122,32,143,151,161,173,182,191,202,1
11,27,30,48,2528,65,72,84,92,101,72,123,32,143,151,161,173,181,192,202,1
11,12,30,48,1037,61,74,83,93,101,75,124,39,143,151,161,172,182,191,202,1
14,6,30,40,1352,62,71,81,92,101,73,123,23,143,153,161,171,182,192,202,1
13,24,30,42,3181,65,72,84,92,101,75,123,26,143,151,161,173,182,192,202,1
13,18,30,42,4594,65,72,83,93,101,73,122,32,143,151,161,173,182,192,202,1
11,48,30,49,5381,64,71,83,93,101,75,121,40,141,152,161,171,182,192,202,1
13,15,30,40,4657,65,73,83,93,101,73,122,30,143,151,161,173,182,192,202,1
11,9,30,48,1391,65,73,82,94,101,72,124,27,141,151,161,173,182,192,202,1
11,18,30,48,1913,63,72,83,94,101,74,124,36,141,151,161,173,182,192,202,1
13,42,30,42,7166,64,74,82,94,101,75,123,29,143,153,161,173,182,192,202,1
13,13,30,42,1409,61,71,82,92,101,75,124,64,143,151,161,173,182,191,202,1
13,24,32,48,2978,64,73,84,93,101,75,124,32,143,151,162,173,181,192,202,1
13,12,31,42,976,64,75,84,93,101,75,122,35,143,151,162,173,182,191,202,1
13,24,32,48,2375,62,73,84,93,101,73,122,44,143,151,162,173,181,192,202,1
13,12,31,42,522,62,75,84,93,101,75,123,42,143,151,162,173,181,192,202,1
13,28,31,42,2743,65,75,84,93,101,73,122,29,143,151,162,173,182,191,202,1
13,11,31,42,1154,61,71,84,92,101,75,124,57,143,151,163,172,182,191,202,1
13,24,31,40,5804,63,73,84,93,101,73,124,27,143,151,162,173,182,191,202,1
13,18,31,42,1169,64,73,84,93,101,74,123,29,143,151,162,173,182,192,202,1
14,15,31,41,1478,65,75,84,93,101,75,122,44,143,151,162,173,181,192,202,1
13,12,30,42,776,65,73,84,94,101,73,124,28,143,151,161,173,182,191,202,1
11,11,31,410,1322,63,73,84,92,101,75,122,40,143,151,162,173,182,191,202,1
11,16,31,410,1175,65,71,82,93,101,74,122,68,143,152,163,171,182,192,202,1
13,12,30,410,2133,64,75,84,92,101,75,121,52,143,152,161,174,182,192,202,1
13,15,31,42,1829,65,75,84,93,101,75,122,46,143,151,162,173,182,192,202,1
13,12,31,42,717,65,75,84,93,101,75,124,52,143,151,163,173,182,191,202,1
11,39,32,45,11760,61,74,82,93,101,74,121,32,143,153,161,173,182,192,202,1
11,9,31,45,1501,65,75,82,92,101,74,122,34,143,151,162,174,182,192,202,0
14,12,30,45,1200,64,73,84,92,101,75,123,23,141,153,161,173,182,192,202,1
11,9,30,410,3195,64,73,81,92,101,73,124,33,143,151,161,172,182,191,202,1
13,30,31,42,4530,65,74,84,92,101,75,122,26,143,153,161,174,182,192,202,1
13,12,32,44,1555,63,75,84,93,101,75,121,55,143,152,162,173,181,191,202,0
11,15,31,48,2326,62,73,82,93,101,75,122,27,141,151,161,173,182,191,202,1
11,18,31,48,1887,64,73,84,94,101,75,124,28,141,151,162,173,182,191,202,1
13,12,31,48,1264,64,75,84,93,101,75,121,57,143,153,161,172,182,191,202,1
13,7,32,42,846,64,75,83,93,101,75,121,36,143,152,161,173,182,191,202,1
13,15,31,45,1532,61,73,84,92,101,74,122,31,143,151,161,173,182,191,202,1
13,6,32,42,935,65,73,83,92,101,73,124,24,143,151,161,173,182,191,202,1
14,27,31,48,2442,65,75,84,93,101,75,122,43,142,151,164,174,181,192,202,1
11,18,31,48,3590,65,71,83,94,101,74,122,40,143,151,163,171,181,192,202,1
13,21,31,41,2288,65,72,84,92,101,75,123,23,143,151,161,173,182,192,202,1
13,27,32,48,5117,65,74,83,93,101,75,122,26,143,151,162,173,182,191,202,1
14,39,31,41,14179,64,74,84,93,101,75,123,30,143,151,162,174,182,192,202,1
13,15,30,42,1386,64,73,84,94,101,73,124,40,143,153,161,173,182,192,202,1
13,12,31,42,618,65,75,84,93,101,75,124,56,143,151,161,173,182,191,202,1
13,12,30,41,1574,65,73,84,93,101,73,124,50,143,151,161,173,182,191,202,1
13,6,31,42,700,64,75,84,93,101,75,121,36,143,152,162,173,182,191,202,1
13,12,30,42,886,64,73,84,92,101,73,122,21,143,151,161,173,182,191,202,1
13,36,30,40,4686,65,73,82,93,101,73,121,32,143,152,161,174,182,192,202,1
11,9,30,42,790,62,73,84,92,101,74,124,66,143,151,161,172,182,191,202,1
11,12,30,42,766,62,73,84,93,101,74,124,66,143,151,161,172,182,191,202,0
14,20,30,41,2212,64,74,84,93,101,75,122,39,143,151,161,173,182,192,202,1
11,10,30,410,7308,65,71,82,93,101,75,121,70,141,152,161,174,182,192,202,1
11,24,31,45,5743,65,72,82,92,101,75,121,24,143,152,162,173,182,192,202,1
14,14,30,410,3973,65,71,81,93,101,75,121,22,143,152,161,173,182,191,202,1
11,60,32,42,7418,64,73,81,93,101,72,124,27,143,151,161,172,182,191,202,1
11,20,32,49,2629,65,73,82,93,101,74,122,29,141,151,162,173,182,192,202,1
11,18,30,48,1941,63,73,84,93,101,73,123,35,143,151,161,172,182,192,202,1
11,24,32,41,2333,64,72,84,93,101,73,123,29,141,151,161,172,182,191,202,1
13,12,30,40,2445,64,72,82,94,101,75,122,26,143,153,161,173,182,192,202,1
11,20,30,40,6468,64,71,81,91,101,75,124,60,143,151,161,174,182,192,202,1
11,18,31,41,7374,65,71,84,93,101,75,123,40,142,151,162,174,182,192,202,1
13,15,30,40,3812,61,72,81,92,101,75,122,23,143,151,161,173,182,192,202,1
14,28,30,410,4006,65,73,83,93,101,73,122,45,143,151,161,172,182,191,202,0
11,12,30,410,7472,64,71,81,92,101,73,124,24,143,153,161,171,182,191,202,1
12,12,30,41,1424,64,75,83,92,101,75,124,55,143,151,161,174,182,192,202,1
11,12,30,40,2028,64,73,84,93,101,73,122,30,143,151,161,173,182,191,202,1
13,15,30,410,5324,62,75,81,92,101,75,121,35,143,152,161,173,182,191,202,1
11,36,30,42,2323,65,74,84,93,101,75,122,24,143,153,161,173,182,191,202,1
13,12,30,45,1393,65,75,84,93,101,75,123,47,141,151,163,173,181,192,202,1
13,18,30,41,1984,65,73,84,93,101,75,121,47,141,152,162,173,182,191,202,1
13,24,30,42,999,64,75,84,93,101,73,122,25,143,151,162,173,182,191,202,1
13,36,30,48,7409,64,75,83,93,101,73,123,37,143,151,162,173,182,191,202,1
13,15,30,41,2186,64,74,81,92,101,75,124,33,141,153,161,172,182,191,202,1
12,36,30,42,4473,65,75,84,93,101,73,122,31,143,151,161,173,182,191,202,1
13,24,30,47,937,65,72,84,94,101,74,122,27,143,151,162,172,182,191,202,1
13,18,30,41,3422,65,75,84,93,101,75,123,47,141,151,163,173,181,192,202,1
13,24,30,42,3105,64,72,84,93,101,73,122,25,143,151,162,173,182,191,202,1
13,12,31,45,2748,65,75,82,92,101,75,121,57,141,152,163,172,182,191,202,1
11,18,30,44,3872,65,71,82,92,101,75,122,67,143,151,161,173,182,192,202,1
13,27,30,44,5190,64,75,84,93,101,75,123,48,143,151,164,173,181,192,202,1
11,18,30,41,3001,65,74,82,92,101,75,124,40,143,153,161,173,182,191,202,1
13,24,32,48,3863,65,73,81,93,101,73,121,32,143,152,161,173,182,191,202,1
13,12,31,41,5801,64,75,82,93,101,75,123,49,143,153,161,173,182,192,201,1
13,12,31,41,1592,63,74,83,92,101,73,123,35,143,151,161,173,182,191,202,1
13,12,31,48,1185,65,73,83,92,101,73,124,27,143,151,162,173,182,191,202,1
13,18,31,41,3780,65,72,83,91,101,73,122,35,143,151,162,174,182,192,202,1
11,18,31,41,3612,65,75,83,92,101,75,123,37,143,151,161,173,182,192,201,1
13,12,30,48,1076,65,73,82,94,101,73,124,26,143,151,161,173,182,192,202,1
13,12,30,410,3527,64,72,82,93,101,74,123,45,143,151,161,174,181,192,202,1
13,18,30,42,2051,65,72,84,93,101,72,124,33,143,151,161,173,182,191,202,1
13,12,31,41,3331,65,75,82,93,101,75,123,42,142,151,161,173,182,191,202,1
14,18,33,48,3104,65,74,83,93,101,72,123,31,141,151,161,173,182,192,202,1
13,24,31,42,2611,65,75,84,94,102,74,124,46,143,151,162,173,182,191,202,1
14,12,31,40,1409,65,75,84,93,101,74,124,54,143,151,161,173,182,191,202,1
13,24,30,42,1311,61,74,84,94,101,74,123,26,143,151,161,173,182,192,202,1
13,6,30,42,2108,65,74,82,94,101,73,124,29,143,153,161,173,182,191,202,1
13,24,31,40,4042,64,74,83,93,101,75,123,43,143,151,162,173,182,192,202,1
13,12,31,410,926,65,71,81,92,101,73,123,38,143,151,161,171,182,191,202,1
14,12,30,42,1680,62,75,83,94,101,72,124,35,143,151,161,173,182,191,202,1
13,24,30,410,1249,65,72,84,94,101,73,124,28,143,151,161,173,182,191,202,1
13,24,31,410,2463,61,74,84,94,101,74,123,27,143,151,162,173,182,192,202,1
13,6,30,42,1595,65,74,83,93,101,73,123,51,143,151,161,173,181,191,202,1
13,24,31,44,2058,65,73,84,91,101,73,124,33,143,151,162,173,182,192,202,1
13,24,30,40,7814,65,74,83,93,101,74,122,38,143,151,161,174,182,192,202,1
13,6,31,42,1740,65,75,82,94,101,73,124,30,143,153,162,173,182,191,202,1
13,12,31,42,1240,64,75,84,92,101,73,124,38,143,151,162,173,182,192,202,1
13,24,31,40,6842,64,73,82,93,101,75,123,46,143,151,162,174,181,192,202,1
13,24,31,41,5150,65,75,84,93,101,75,122,33,143,151,161,173,182,192,202,1
14,6,30,410,1203,61,75,83,93,101,73,123,43,143,151,161,173,182,192,202,1
13,6,31,410,2080,62,73,81,94,101,73,122,24,143,151,161,173,182,191,202,1
13,6,30,45,1538,65,72,81,92,101,73,121,56,143,151,161,173,182,191,202,1
11,24,31,410,3878,61,72,84,91,101,73,122,37,143,151,161,173,182,192,202,1
11,30,30,41,3832,65,72,82,94,101,72,123,22,143,151,161,173,182,191,202,1
13,15,30,410,3186,63,74,82,92,101,74,122,20,143,153,161,173,182,191,202,1
11,24,30,42,2896,61,72,82,93,101,72,122,29,143,151,161,173,182,191,202,1
11,24,32,48,6967,61,74,84,93,101,75,122,36,143,153,161,174,182,192,202,1
13,36,30,45,1819,65,73,84,93,101,75,121,37,142,152,161,173,182,192,202,0
13,24,30,42,5943,64,72,81,92,101,72,122,44,143,151,162,173,182,192,202,0
13,36,31,41,7127,65,72,82,92,101,75,123,23,143,153,162,173,182,192,202,0
13,36,30,41,3349,65,73,84,92,101,73,122,28,143,151,161,174,182,192,202,0
13,36,30,41,10974,65,71,84,92,101,73,122,26,143,151,162,174,182,192,202,0
13,6,30,42,518,65,73,83,92,101,72,124,29,143,151,161,173,182,191,202,1
13,18,30,42,1126,64,72,84,92,101,73,124,21,143,153,161,173,182,192,202,1
11,12,31,40,1860,65,71,84,93,101,73,122,34,143,151,162,174,182,192,202,1
13,36,31,42,9566,65,73,82,92,101,73,122,31,142,151,162,173,182,191,202,1
14,12,30,42,701,65,73,84,94,101,73,124,40,143,151,161,172,182,191,202,1
11,12,30,42,2930,65,74,82,92,101,72,124,27,143,151,161,173,182,191,202,1
13,18,30,42,1505,65,73,84,93,101,73,121,32,143,152,161,174,182,192,202,1
13,18,31,42,2238,65,73,82,92,101,72,122,25,143,151,162,173,182,191,202,1
13,4,31,42,1503,65,74,82,93,101,72,124,42,143,151,162,172,181,191,202,1
13,24,31,40,2197,64,74,84,93,101,75,122,43,143,151,162,173,181,192,202,1
12,12,30,42,1881,65,73,82,92,101,73,122,44,143,153,161,172,182,192,202,1
14,18,31,42,1880,65,74,84,94,101,72,123,32,143,151,162,174,182,192,202,1
14,18,30,42,2389,65,72,84,92,101,72,122,27,142,151,161,173,182,191,202,1
11,24,30,42,1967,65,75,84,92,101,75,122,20,143,151,161,173,182,192,202,1
13,4,31,410,3380,65,74,81,92,101,72,124,37,143,151,161,173,181,191,202,1
13,4,31,410,1455,65,74,82,93,101,72,124,42,143,151,163,172,181,191,202,1
13,7,31,42,730,64,75,84,93,101,73,123,46,143,153,162,172,182,192,202,1
11,18,33,41,3244,65,73,81,92,101,75,122,33,141,151,162,173,182,192,202,1
11,9,30,42,1670,65,72,84,92,101,73,122,22,143,151,161,173,182,192,202,0
11,48,30,42,3979,64,74,84,93,101,72,122,41,143,151,162,173,181,192,202,1
11,12,30,41,1922,65,73,84,93,101,73,123,37,143,151,161,172,182,191,202,0
11,18,31,41,1295,65,72,84,92,101,72,123,27,143,151,162,173,182,191,202,1
13,4,31,42,1544,65,74,82,93,101,72,124,42,143,151,163,172,181,191,202,1
11,8,30,48,907,65,72,83,94,101,73,124,26,143,151,161,173,182,192,202,1
11,30,30,42,1715,64,73,84,92,101,72,122,26,143,151,161,173,182,191,202,1
12,10,31,42,1347,64,74,84,93,101,73,123,27,143,151,162,173,182,192,202,1
11,12,30,410,1007,63,73,84,94,101,72,124,22,143,151,161,173,182,191,202,1
13,12,31,41,1402,62,74,83,92,101,75,122,37,143,153,161,173,182,192,202,1
11,12,30,410,2002,65,74,83,93,101,75,123,30,143,153,161,173,181,192,202,1
13,12,31,45,2096,65,74,82,93,101,74,124,49,143,151,161,172,181,191,202,1
13,12,30,410,1101,65,73,83,94,101,73,124,27,143,151,162,173,182,192,202,1
13,10,30,47,894,64,74,84,92,101,74,123,40,143,151,161,173,182,192,202,1
11,11,30,41,1577,63,72,84,92,101,72,124,20,143,151,161,173,182,191,202,1
13,33,32,48,2764,65,73,82,92,101,73,122,26,143,151,162,173,182,192,202,1
11,48,33,410,8358,62,72,81,92,101,72,122,30,143,151,162,173,182,191,202,1
12,12,30,41,1474,65,72,84,92,101,72,123,33,141,151,161,174,182,192,202,1
13,24,30,40,5433,64,71,82,92,101,75,123,26,143,153,161,174,182,192,202,1
11,14,30,48,1410,62,75,81,94,101,73,124,35,143,151,161,173,182,192,202,1
13,20,31,410,3485,64,72,82,91,101,75,124,44,143,151,162,173,182,192,202,1
13,18,31,40,3850,65,74,83,93,101,72,122,27,143,151,162,173,182,191,202,1
11,60,30,410,7408,61,72,84,92,101,73,123,24,143,151,161,174,182,191,202,0
12,24,30,42,1377,61,75,84,92,101,73,121,47,143,152,161,173,182,192,202,1
13,30,32,48,4272,61,73,82,93,101,73,123,26,143,151,162,172,182,191,202,1
11,24,32,42,1553,61,74,83,92,101,73,123,23,143,153,162,173,182,192,202,1
11,36,32,48,9857,61,74,81,93,101,74,123,31,143,151,162,172,181,192,202,1
13,6,31,410,362,61,73,84,92,101,75,122,52,143,151,162,172,182,191,202,1
13,12,31,41,1935,65,75,84,93,101,75,124,43,143,151,163,173,182,192,202,1
13,48,30,42,10222,64,74,84,93,101,74,122,37,142,151,161,173,182,192,202,1
12,12,30,410,1330,65,72,84,93,101,72,124,26,143,151,161,173,182,191,202,1
13,36,30,45,9055,64,73,82,93,101,75,121,35,143,152,161,172,181,192,202,1
11,26,30,40,7966,65,72,82,93,101,74,122,30,143,151,162,173,182,191,202,1
11,30,34,41,3496,63,73,84,93,101,73,122,34,142,151,161,173,181,192,202,1
11,36,30,40,6948,65,73,82,93,101,73,122,35,143,153,161,174,182,192,202,1
11,48,33,48,12204,64,73,82,93,101,73,122,48,141,151,161,174,182,192,202,1
14,36,30,41,3446,65,75,84,93,101,73,122,42,143,151,161,173,181,191,202,0
14,12,30,45,684,65,73,84,93,101,75,122,40,143,153,161,172,181,191,202,0
14,33,31,41,4281,62,73,81,92,101,75,122,23,143,151,162,173,182,191,202,0
14,42,30,42,7174,64,74,84,92,101,74,122,30,143,151,161,174,182,192,202,0
14,24,34,42,1546,65,74,84,93,103,75,122,24,141,153,161,172,182,191,202,0
14,24,30,41,2359,61,71,81,91,101,72,123,33,143,151,161,173,182,191,202,0
13,24,30,42,3621,61,75,82,93,101,75,122,31,143,151,162,173,182,191,202,0
14,12,30,43,741,61,71,84,92,101,74,123,22,143,151,161,173,182,191,202,0
14,12,30,41,7865,65,75,84,93,101,75,121,53,143,152,161,174,182,192,202,0
14,24,30,40,2910,65,74,82,93,101,72,121,34,143,152,161,174,182,192,202,1
14,18,31,410,5302,65,75,82,93,101,75,121,36,143,152,163,174,182,192,202,1
14,36,30,41,3620,65,73,81,93,103,73,123,37,143,151,161,173,181,191,202,1
14,18,30,42,3509,65,74,84,92,103,72,124,25,143,151,161,173,182,191,202,1
11,12,30,41,3017,65,72,83,92,101,72,124,34,143,153,161,174,182,191,202,1
14,12,30,41,1657,65,73,82,93,101,73,124,27,143,151,161,173,182,191,202,1
14,8,31,49,1164,65,75,83,93,101,75,121,51,141,152,162,174,181,192,202,1
14,36,31,41,6229,65,72,84,92,102,75,121,23,143,153,162,172,182,192,202,0
14,24,34,410,1193,65,71,81,92,102,75,121,29,143,153,162,171,182,191,202,0
14,30,33,41,4583,65,73,82,91,103,73,124,32,143,151,162,173,182,191,202,1
14,36,31,41,5371,65,73,83,93,103,73,123,28,143,151,162,173,182,191,202,1
14,12,30,41,708,65,73,82,93,103,74,123,38,143,151,161,172,181,191,202,1
14,21,31,410,571,65,75,84,93,101,75,124,65,143,151,162,173,182,191,202,1
14,30,30,42,2522,65,75,81,93,103,74,123,39,143,151,161,173,181,191,202,1
14,36,30,41,5179,65,74,84,93,101,73,123,29,143,151,161,173,182,191,202,0
14,36,30,40,8229,65,73,82,93,101,73,123,26,143,151,161,173,181,191,202,0
13,24,31,41,2028,65,74,82,93,101,73,123,30,143,151,162,172,182,191,202,1
14,6,30,410,1374,64,71,84,92,101,74,123,75,143,151,161,174,182,192,202,1
14,12,30,41,1289,65,73,84,93,103,72,123,21,143,151,161,172,182,191,202,1
14,36,30,41,2712,65,75,82,93,101,73,123,41,141,151,161,173,181,191,202,0
14,15,31,41,975,65,73,82,91,101,74,123,25,143,151,162,173,182,191,202,1
11,6,32,41,1050,65,71,84,93,101,72,123,35,142,151,162,174,182,192,201,1
14,6,31,410,609,65,74,84,92,101,74,123,37,143,151,162,173,182,191,202,1
14,48,30,40,4788,65,74,84,93,101,74,123,26,143,151,161,173,181,191,202,1
11,24,30,41,3069,61,75,84,93,101,75,121,30,143,152,161,173,182,191,202,1
11,12,30,410,836,61,72,84,92,101,73,123,23,141,151,161,172,182,191,202,0
14,12,30,41,2577,65,73,82,91,101,72,122,42,143,151,161,173,182,191,202,1
14,12,30,41,1620,65,73,82,92,102,74,123,30,143,151,161,173,182,191,202,1
14,15,30,41,1845,65,72,84,92,103,72,123,46,143,153,161,173,182,191,202,1
14,24,30,40,6579,65,71,84,93,101,73,121,29,143,152,161,174,182,192,202,1
14,12,30,410,1893,65,73,84,92,103,75,123,29,143,151,161,173,182,192,202,1
14,30,31,40,10623,65,75,83,93,101,75,121,38,143,152,163,174,181,192,202,1
14,18,30,410,2249,61,74,84,93,101,74,122,30,143,151,161,174,181,192,202,1
14,30,30,41,3108,65,72,82,91,101,75,123,31,143,151,161,172,182,191,202,0
11,12,31,410,958,65,74,82,93,101,74,124,47,143,151,162,172,181,191,202,1
13,24,30,40,9277,64,73,82,91,101,75,121,48,143,152,161,173,182,192,202,1
13,24,31,49,6314,65,71,84,93,102,73,121,27,141,151,162,174,182,192,202,1
14,12,31,40,1526,65,75,84,93,101,75,121,66,143,152,162,174,182,191,202,1
14,12,30,41,3590,65,73,82,93,102,73,123,29,143,151,161,172,181,191,202,1
14,24,31,40,6615,65,71,82,93,101,75,121,75,143,152,162,174,182,192,202,1
14,6,31,41,1872,65,71,84,93,101,75,121,36,143,152,163,174,182,192,202,1
13,12,30,410,2859,64,71,84,93,101,75,121,38,143,151,161,174,182,192,202,1
13,18,31,42,1582,63,75,84,93,101,75,122,46,143,151,162,173,182,191,202,1
13,6,30,47,1238,64,71,84,93,101,75,123,36,143,151,161,174,181,192,202,1
14,12,30,41,2578,65,71,83,92,101,75,121,55,143,152,161,174,182,191,202,1
14,15,31,41,1433,65,73,84,92,101,74,123,25,143,153,162,173,182,191,202,1
14,42,30,41,7882,65,74,82,93,103,75,123,45,143,152,161,173,181,191,202,1
14,24,30,41,4169,65,73,84,93,101,75,123,28,143,151,161,173,182,191,202,1
14,36,30,41,3959,65,71,84,93,101,74,123,30,143,151,161,174,182,192,202,1
14,36,30,410,3249,65,74,82,93,101,75,121,39,141,152,161,174,181,192,202,1
14,24,30,41,3149,65,72,84,93,101,72,121,22,141,152,161,173,182,191,202,1
14,12,31,41,2246,65,75,83,93,101,74,123,60,143,151,162,173,182,191,202,0
14,13,31,48,1797,65,72,83,93,101,72,123,28,141,151,162,172,182,191,202,1
14,20,31,41,4272,65,75,81,92,101,75,123,24,143,151,162,173,182,191,202,1
14,24,31,40,2957,65,75,84,93,101,75,123,63,143,151,162,173,182,192,202,1
14,36,31,41,2348,65,73,83,94,101,73,123,46,143,151,162,173,182,192,202,1
12,42,33,48,6289,65,72,82,91,101,72,123,33,143,151,162,173,182,191,202,1
14,24,31,40,6419,65,75,82,92,101,75,121,44,143,152,162,174,181,192,202,1
14,48,31,40,6143,65,75,84,92,101,75,121,58,142,152,162,172,182,191,202,0
13,24,31,45,1597,65,75,84,93,101,75,121,54,143,152,162,173,181,191,202,1
14,36,30,49,15857,65,71,82,91,102,74,122,43,143,151,161,174,182,191,202,1
13,24,31,42,2223,61,75,84,93,101,75,123,52,141,151,162,173,182,191,202,1
13,48,32,42,7238,64,75,83,93,101,74,122,32,141,151,162,173,181,191,202,1
11,30,32,48,2503,61,75,84,93,101,73,123,41,142,151,162,173,182,191,202,1
11,18,30,48,2622,61,73,84,93,101,75,122,34,143,151,161,173,182,191,202,1
11,24,30,41,4351,64,73,81,92,101,75,123,48,143,151,161,172,182,192,202,1
11,6,30,42,368,64,75,84,93,101,75,123,38,143,151,161,173,182,191,202,1
11,12,30,47,754,64,75,84,93,101,75,123,38,143,151,162,173,182,191,202,1
13,24,31,42,2424,64,75,84,93,101,75,123,53,143,151,162,173,182,191,202,1
11,48,32,48,6681,64,73,84,93,101,75,121,38,143,152,161,173,181,192,202,1
11,18,32,48,2427,64,75,84,93,101,73,123,42,143,151,162,173,182,191,202,1
11,24,31,42,1216,61,72,84,93,101,75,121,38,141,151,162,173,181,191,202,0
11,6,30,42,753,65,73,82,92,103,74,124,64,143,151,161,173,182,191,202,1
11,7,30,42,2576,65,73,82,93,103,73,124,35,143,151,161,173,182,191,201,1
11,6,30,42,590,65,72,83,94,101,74,124,26,143,151,161,172,182,191,201,1
11,8,30,42,1414,65,73,84,93,103,73,124,33,143,151,161,173,182,191,201,1
11,12,30,42,1103,65,74,84,93,103,74,124,29,143,151,162,173,182,191,202,1
11,12,32,42,585,65,73,84,94,102,75,124,20,143,153,162,173,182,191,202,1
11,6,30,42,1068,65,75,84,93,101,75,122,28,143,151,161,173,181,191,202,1
14,8,31,410,713,65,75,84,93,101,75,124,47,143,151,162,172,182,191,202,1
11,12,30,42,1092,65,73,84,92,103,75,124,49,143,151,162,173,182,192,202,1
11,7,30,42,2329,65,72,81,92,103,72,124,45,143,151,161,173,182,191,202,1
11,13,31,42,882,65,72,84,93,103,75,124,23,143,151,162,173,182,191,202,1
11,18,30,42,866,65,73,84,94,103,73,124,25,143,151,161,172,182,191,202,1
11,7,30,42,2415,65,73,83,93,103,73,124,34,143,151,161,173,182,191,202,1
11,13,30,42,2101,65,72,82,92,103,75,123,23,143,151,161,172,182,191,202,1
11,18,30,42,1301,65,75,84,94,103,73,124,32,143,151,161,172,182,191,202,1
11,18,30,42,1113,65,73,84,92,103,75,124,26,143,151,161,172,181,191,202,1
11,8,30,42,760,65,74,84,92,103,73,124,44,143,151,161,172,182,191,202,1
11,12,30,42,625,65,72,84,94,103,72,124,26,141,151,161,172,182,191,202,1
12,6,31,410,1323,61,75,82,91,101,75,122,28,143,151,162,173,181,192,202,1
14,9,31,42,1138,65,73,84,93,101,75,124,25,143,151,162,172,182,191,202,1
11,18,31,42,1795,65,75,83,92,103,75,124,48,141,153,162,172,182,192,202,1
11,15,31,42,2728,64,74,84,93,103,73,124,35,141,151,163,173,182,192,202,1
11,6,30,42,484,65,74,83,94,103,74,124,28,141,151,161,172,182,191,202,1
11,10,34,42,1048,65,73,84,93,101,75,124,23,142,151,161,172,182,191,202,1
11,12,30,42,1155,65,75,83,94,103,74,124,40,141,151,162,172,182,191,202,1
11,20,32,40,7057,64,74,83,93,101,75,123,36,141,153,162,174,181,192,202,1
11,15,31,42,1537,64,75,84,93,103,75,124,50,143,151,162,173,182,192,202,1
14,12,30,42,2214,65,73,84,93,101,74,123,24,143,151,161,172,182,191,202,1
13,24,31,41,1585,65,74,84,93,101,74,123,40,143,151,162,173,182,191,202,1
11,10,30,41,1521,65,73,84,91,101,73,122,31,143,151,161,172,182,191,202,1
11,36,34,43,3990,64,72,83,92,101,73,121,29,141,151,161,171,182,191,202,1
12,18,30,41,3049,65,72,81,92,101,72,123,45,142,151,161,172,182,191,202,1
14,24,30,42,1282,61,73,84,92,101,73,122,32,143,151,161,172,182,191,202,0
13,60,30,42,10144,61,74,82,92,101,75,124,21,143,151,161,173,182,192,202,1
14,12,30,410,1168,65,73,84,94,101,74,124,27,143,151,161,172,182,191,202,1
11,6,30,44,454,65,72,83,94,101,72,123,22,143,151,161,172,182,191,202,1
13,15,32,40,3594,65,72,81,92,101,73,123,46,143,151,162,172,182,191,202,1
13,12,30,41,1768,65,73,83,93,101,73,124,24,143,153,161,172,182,191,202,1
13,60,32,42,15653,65,74,82,93,101,75,122,21,143,151,162,173,182,192,202,1
12,12,32,410,2247,65,73,82,92,101,73,122,36,142,151,162,173,182,192,202,1
13,24,30,42,1413,65,73,84,94,101,73,123,28,143,151,161,173,182,191,202,1
11,45,31,40,4576,61,71,83,93,101,75,122,27,143,151,161,173,182,191,202,1
14,24,31,42,1231,63,75,84,92,101,75,123,57,143,153,162,174,182,192,202,1
14,36,30,40,8335,64,75,83,93,101,75,121,47,143,152,161,173,182,191,202,0
11,36,31,40,5800,65,73,83,93,101,75,122,34,143,151,162,173,182,192,202,1
14,18,32,45,8471,64,73,81,92,101,73,122,23,143,153,162,173,182,192,202,1
14,30,30,41,3622,63,75,84,92,101,75,123,57,143,153,162,173,182,192,202,1
14,6,31,42,1169,64,75,84,93,101,75,124,67,143,151,162,173,182,192,202,1
13,15,30,43,1262,62,74,84,93,101,74,123,36,143,151,162,173,182,192,202,1
12,24,31,41,3617,64,75,84,93,102,75,121,20,143,153,162,173,182,191,202,1
11,30,31,410,2181,64,75,84,93,101,75,124,36,143,151,162,173,182,191,202,1
14,48,34,48,7685,65,74,82,92,103,75,122,37,143,153,161,173,182,191,202,0
13,48,31,45,6110,65,73,81,93,101,74,121,31,141,152,161,173,182,192,202,1
13,24,30,410,3757,65,75,84,92,102,75,121,62,143,152,161,173,182,192,202,1
14,42,31,44,3394,65,71,84,93,102,75,122,65,143,151,162,171,182,191,202,1
13,36,31,48,6304,64,75,84,93,101,75,124,36,143,151,162,173,182,191,202,1
13,9,31,45,1244,64,75,84,92,101,75,123,41,143,153,162,172,182,191,202,1
13,6,30,410,3518,65,73,82,93,103,74,123,26,143,153,161,173,182,191,202,1
13,36,33,44,2613,65,73,84,93,101,73,122,27,143,151,162,173,182,191,202,1
14,48,30,45,7476,65,74,84,93,101,72,121,50,143,152,161,174,182,192,202,1
13,24,30,48,4591,63,73,82,93,101,74,123,54,143,151,163,174,182,192,202,0
11,18,30,41,1924,64,72,84,92,101,74,124,27,143,153,161,173,182,191,202,0
11,72,30,42,5595,61,73,82,94,101,73,122,24,143,151,161,173,182,191,202,0
11,48,32,45,6224,65,75,84,93,101,75,121,50,143,152,161,173,182,191,202,0
12,15,30,45,1905,65,75,84,93,101,75,122,40,143,153,161,174,182,192,202,1
13,21,32,40,2993,65,73,83,93,101,73,124,28,142,151,162,172,182,191,202,1
13,36,32,40,8947,64,74,83,93,101,73,122,31,142,151,161,174,181,192,202,1
14,24,30,41,4020,65,73,82,93,101,73,122,27,142,151,161,173,182,191,202,1
11,18,30,40,2779,65,73,81,94,101,74,122,21,143,153,161,173,182,192,202,1
13,21,30,410,2782,62,74,81,92,101,73,122,31,141,151,161,174,182,191,202,1
13,12,30,410,1884,65,75,84,93,101,75,122,39,143,151,161,174,182,192,202,1
13,36,31,40,11054,64,73,84,93,101,73,122,30,143,151,161,174,182,192,202,1
11,60,32,42,9157,64,73,82,93,101,73,121,27,143,152,161,174,182,191,202,1
11,42,34,40,9283,65,71,81,93,101,73,121,55,141,152,161,174,182,192,202,1
13,60,30,410,6527,64,73,84,93,101,75,121,34,143,152,161,173,181,192,202,1
13,15,31,40,3368,63,75,83,93,101,75,121,23,143,153,162,173,182,192,202,1
14,15,30,410,2511,65,71,81,92,101,75,122,23,143,153,161,173,182,191,202,1
14,36,30,40,5493,65,75,82,93,101,75,121,42,143,152,161,173,181,191,202,1
13,6,30,43,1338,62,73,81,91,101,75,124,62,143,151,161,173,182,191,202,1
11,9,30,42,1082,65,75,84,93,101,75,122,37,143,151,162,172,182,191,202,1
13,18,31,42,1149,63,73,84,93,101,74,124,46,143,151,162,173,182,191,202,1
11,15,30,44,1308,65,75,84,93,101,75,122,38,143,151,162,172,182,191,202,1
11,20,33,40,6148,61,75,83,94,101,75,122,31,141,151,162,173,182,192,202,1
13,12,30,41,1736,65,74,83,92,101,75,124,31,143,151,161,172,182,191,202,1
13,12,30,42,3059,63,74,82,91,101,75,124,61,143,151,161,172,182,191,202,1
14,24,30,41,2996,64,73,82,94,101,75,122,20,143,151,161,173,182,191,202,0
13,30,31,40,7596,64,75,81,93,101,75,122,63,143,151,162,173,182,191,202,1
13,30,30,40,4811,64,74,82,92,101,75,123,24,142,153,161,172,182,191,202,1
13,6,30,41,1766,65,73,81,94,101,73,123,21,143,153,161,173,182,191,202,1
11,24,30,40,2760,64,75,84,93,101,75,121,36,141,152,161,173,182,192,202,1
13,24,31,44,5507,65,75,83,93,101,75,121,44,143,152,162,173,182,191,202,1
11,9,30,45,1199,65,74,84,92,101,75,123,67,143,151,162,174,182,192,202,1
12,24,30,41,2892,65,75,83,91,101,75,121,51,143,152,161,173,182,191,202,1
11,36,32,410,2862,61,75,84,93,101,74,121,30,143,152,161,173,182,191,202,1
14,9,30,410,654,65,73,84,93,101,74,122,28,143,151,161,172,182,191,202,0
11,9,31,45,1136,63,75,84,93,101,74,121,32,143,152,162,173,181,191,202,0
11,24,30,40,4113,62,72,83,92,101,75,122,28,143,153,161,173,182,191,202,0
11,6,30,410,14555,64,71,81,93,101,73,123,23,143,151,161,171,182,192,202,0
14,15,33,410,950,65,75,84,93,101,74,122,33,143,153,162,173,181,191,202,0
14,24,31,410,1199,65,75,84,93,101,75,122,60,143,151,162,172,182,191,202,0
14,12,33,410,1082,65,73,84,93,101,75,122,48,141,151,162,173,182,191,202,0
11,30,30,410,2150,65,73,84,92,103,73,121,24,141,151,161,173,182,191,202,0
11,36,31,410,2820,65,72,84,91,101,75,122,27,143,151,162,173,182,191,202,0
11,48,30,42,3060,65,74,84,93,101,75,124,28,143,151,162,173,182,191,202,0
14,18,30,42,2600,65,73,84,93,101,75,121,65,143,152,162,173,182,191,202,0
13,21,33,410,5003,64,73,81,92,101,75,123,29,141,151,162,173,182,192,202,0
11,60,30,45,6288,65,73,84,93,101,75,121,42,143,152,161,173,182,191,202,0
13,24,32,410,2538,65,75,84,93,101,75,122,47,143,151,162,172,181,191,202,0
13,9,30,42,1478,65,74,84,93,101,73,122,22,143,151,161,173,182,191,202,0
11,39,31,42,4933,65,74,82,93,103,73,124,25,143,151,162,173,182,191,202,0
13,18,31,410,1530,65,73,83,93,101,73,123,32,141,151,162,173,182,191,202,0
11,9,34,410,1437,61,74,82,93,101,74,121,29,143,151,161,173,182,191,202,0
14,15,30,43,1275,64,73,84,92,101,73,122,24,143,153,161,173,182,191,202,0
14,24,30,42,1823,65,71,84,93,101,73,122,30,142,151,161,174,181,191,202,0
14,9,30,410,1422,65,72,83,93,101,73,121,27,143,152,161,174,182,192,202,0
14,18,30,43,1217,65,73,84,94,101,74,124,47,143,151,161,172,182,192,202,0
14,36,30,410,9271,65,74,82,93,101,72,122,24,143,151,161,173,182,192,202,0
14,36,32,48,2145,65,74,82,93,101,72,122,24,143,151,162,173,182,192,202,0
14,36,30,410,1842,65,72,84,92,101,75,122,34,143,151,161,173,182,192,202,0
11,18,32,41,4297,65,75,84,91,101,74,121,40,143,151,161,174,182,192,202,0
14,6,31,41,3384,65,73,81,91,101,75,124,44,143,153,161,174,182,192,202,0
11,18,31,42,1245,65,73,84,94,101,73,122,33,143,151,161,173,182,191,202,0
13,15,30,45,4623,61,73,83,93,101,73,123,40,143,151,161,174,182,192,202,0
11,30,31,41,8386,65,74,82,93,101,73,123,49,143,151,161,173,182,191,202,0
14,24,32,42,1024,65,72,84,94,101,75,124,48,142,151,161,173,182,191,202,0
11,36,30,410,14318,65,75,84,93,101,73,121,57,143,152,161,174,182,192,202,0
11,6,34,45,433,63,72,84,92,101,73,123,24,141,153,161,173,181,191,202,0
14,12,34,42,2149,65,73,84,91,101,72,121,29,143,152,161,173,182,191,202,0
13,24,30,42,2397,62,75,83,93,101,73,122,35,141,151,162,173,182,192,202,0
11,6,34,410,931,61,72,81,92,101,72,123,32,142,151,161,172,182,191,202,0
11,15,32,44,1512,63,73,83,94,101,74,123,61,142,151,162,173,182,191,202,0
11,24,33,48,4241,65,73,81,93,101,75,124,36,143,151,163,172,182,192,202,0
11,24,31,41,4736,65,72,82,92,101,75,122,25,141,151,161,172,182,191,202,0
11,15,33,410,1778,65,72,82,92,101,72,124,26,143,153,162,171,182,191,202,0
12,15,30,42,2327,65,72,82,92,101,74,124,25,143,151,161,172,182,191,202,0
14,24,34,41,6872,65,72,82,91,101,72,123,55,141,151,161,173,182,192,202,0
14,12,30,45,795,65,72,84,92,101,75,123,53,143,151,161,173,182,191,202,0
12,30,32,48,1908,65,75,84,93,101,75,124,66,143,151,161,174,182,192,202,0
11,36,33,48,1953,65,75,84,93,101,75,121,61,143,152,161,174,182,192,202,0
12,18,30,41,2864,65,73,82,93,101,72,124,34,143,151,161,172,181,191,202,0
12,21,31,45,2319,65,72,82,91,101,72,122,33,143,153,161,173,182,191,202,0
14,24,30,410,915,64,75,84,92,101,73,122,29,141,151,161,173,182,191,202,0
12,24,30,410,947,65,74,84,93,101,74,121,38,141,152,161,173,181,191,202,0
14,24,30,410,1381,64,73,84,92,101,73,123,35,143,151,161,173,182,191,202,0
14,24,30,410,1285,64,74,84,92,101,75,121,32,143,153,161,173,182,191,202,0
14,24,30,410,1371,64,73,84,92,101,75,124,25,143,153,161,173,182,191,202,0
11,18,30,410,1042,64,73,84,92,101,73,123,33,143,151,161,173,182,191,202,0
14,12,30,410,900,64,73,84,94,101,73,122,23,143,151,161,173,182,191,202,0
14,24,30,410,1207,65,72,84,92,101,75,123,24,143,153,161,173,182,191,202,0
11,18,33,410,2278,61,72,83,92,101,74,122,28,143,151,162,173,182,191,202,0
14,60,32,48,6836,65,75,83,93,101,75,121,63,143,151,162,173,182,192,202,0
14,24,30,41,3345,65,75,84,93,101,73,123,39,143,153,161,174,182,192,202,0
14,6,34,45,1198,65,75,84,92,101,75,121,35,143,152,161,173,182,191,202,0
11,48,30,48,15672,65,73,82,93,101,73,122,23,143,151,161,173,182,192,202,0
14,60,30,48,7297,65,75,84,93,102,75,121,36,143,153,161,173,182,191,202,0
13,18,30,44,1943,65,72,84,92,101,75,124,23,143,151,161,173,182,191,202,0
14,18,30,42,3190,65,73,82,92,101,73,124,24,143,151,161,173,182,191,202,0
11,9,34,40,5129,65,75,82,92,101,75,121,74,141,152,161,174,181,192,202,0
13,18,32,41,1808,65,74,84,92,101,72,124,22,143,151,161,173,182,191,202,0
12,10,30,410,1240,61,75,81,92,101,75,121,48,143,152,161,172,181,191,202,0
14,12,30,410,759,65,74,84,93,101,73,124,26,143,151,161,173,182,191,202,0
11,8,30,41,1237,65,73,83,92,101,75,124,24,143,151,161,173,182,191,202,0
13,9,30,41,1980,65,72,82,92,102,73,122,19,143,153,162,173,182,191,202,0
11,48,30,42,10961,63,74,81,93,102,73,121,27,141,151,162,173,182,192,202,0
14,36,32,45,6887,65,73,84,93,101,74,123,29,142,151,161,173,182,192,202,0
14,24,30,42,1938,65,72,84,91,101,74,123,32,143,151,161,173,182,191,202,0
14,21,30,42,1835,65,73,83,92,101,73,124,25,143,151,162,173,182,192,202,0
14,24,32,42,1659,65,72,84,92,101,73,122,29,143,153,161,172,182,192,202,0
11,6,32,410,1209,65,71,84,93,101,75,123,47,143,151,161,174,182,192,202,0
11,48,33,48,3844,61,74,84,93,101,75,121,34,143,152,161,172,181,191,202,0
14,12,31,410,4843,65,75,83,93,102,75,123,43,143,153,162,173,182,192,202,0
11,12,30,44,639,65,73,84,93,101,73,122,30,143,151,161,173,182,191,202,0
11,48,30,42,5951,65,73,82,92,101,73,124,22,143,151,161,173,182,191,202,0
11,36,33,42,3804,65,73,84,92,101,72,122,42,143,151,161,173,182,192,202,0
13,36,32,42,4463,65,73,84,93,101,73,122,26,143,151,162,174,182,192,202,0
13,36,32,48,7980,64,72,84,93,101,75,122,27,143,153,162,173,182,192,202,0
12,36,30,42,4210,65,73,84,93,101,73,122,26,143,151,161,173,182,191,202,0
13,6,30,41,4611,65,72,81,92,101,75,123,32,143,151,161,173,182,191,202,0
11,24,30,40,11560,65,73,81,92,101,75,122,23,143,153,162,174,182,191,202,0
13,18,33,48,4165,65,73,82,93,101,73,122,36,142,151,162,173,181,191,202,0
11,24,30,41,4057,65,74,83,91,101,74,122,43,143,151,161,173,182,192,202,0
13,18,34,410,6458,65,75,82,93,101,75,121,39,141,151,162,174,181,192,202,0
13,12,30,410,1386,62,73,82,92,101,73,123,26,143,151,161,173,182,191,202,0
14,36,30,45,1977,64,75,84,93,101,75,121,40,143,151,161,174,182,192,202,0
11,18,31,41,1928,65,72,82,93,101,73,124,31,143,151,162,172,182,191,202,0
13,12,30,41,1123,62,73,84,92,101,75,122,29,143,153,161,172,182,191,202,0
11,24,30,49,11328,65,73,82,93,102,74,122,29,141,151,162,174,182,192,202,0
11,24,31,49,11938,65,73,82,93,102,74,122,39,143,151,162,174,181,192,202,0
11,27,31,42,2520,62,73,84,93,101,73,123,23,143,151,162,172,182,191,202,0
11,30,32,42,1919,61,72,84,93,101,74,121,30,142,151,162,174,182,191,202,0
11,60,34,49,14782,61,75,83,92,101,75,121,60,141,152,162,174,182,192,202,0
11,36,30,42,2671,61,73,84,92,102,75,121,50,143,152,161,173,182,191,202,0
11,36,30,45,12612,61,73,81,93,101,75,121,47,143,152,161,173,181,192,202,0
11,45,30,42,3031,61,73,84,93,103,75,123,21,143,153,161,173,182,191,202,0
14,12,34,42,626,65,73,84,92,101,75,124,24,141,151,161,172,182,191,202,0
11,24,31,48,1935,65,75,84,91,101,75,124,31,143,151,162,173,182,192,202,0
12,24,31,410,1344,64,74,84,93,101,73,124,37,141,151,162,172,181,191,202,0
13,18,30,41,1533,65,72,84,94,102,72,123,43,143,151,161,172,181,191,202,0
14,48,30,410,3931,65,74,84,93,101,75,121,46,143,152,161,173,181,191,202,0
14,24,34,41,3349,62,72,84,93,101,75,121,30,143,152,161,173,181,192,202,0
14,36,30,42,2302,65,73,84,91,101,75,122,31,143,153,161,173,182,191,202,0
14,42,30,42,3965,65,72,84,93,101,74,122,34,143,151,161,173,182,191,202,0
14,12,30,42,727,61,72,84,94,101,74,121,33,143,151,161,172,182,192,202,0
13,48,30,48,3914,64,73,84,91,101,73,124,38,141,151,161,173,182,191,202,0
14,48,30,48,4308,65,72,83,92,101,75,123,24,143,153,161,173,182,191,202,0
11,12,30,42,1534,65,72,81,94,101,72,124,23,143,153,161,173,182,191,202,0
13,18,31,410,2775,65,74,82,93,101,73,123,31,141,151,162,173,182,191,202,0
14,40,31,45,5998,65,73,84,93,101,74,121,27,141,151,161,173,182,192,202,0
12,15,31,42,1271,64,73,83,93,101,75,121,39,143,152,162,173,182,192,202,0
11,12,30,410,1295,65,72,83,92,101,72,122,25,143,153,161,173,182,191,202,0
11,36,30,40,9398,65,72,81,94,101,75,122,28,143,153,161,174,182,192,202,0
11,12,30,41,951,61,72,84,92,101,75,122,27,141,153,164,173,182,191,202,0
11,24,30,410,1355,65,72,83,92,101,75,122,25,143,151,161,172,182,192,202,0
14,48,30,43,3051,65,73,83,93,101,75,122,54,143,151,161,173,182,191,202,0
13,36,31,410,7855,65,73,84,92,101,73,124,25,142,151,162,173,182,192,202,0
13,18,30,42,433,65,71,83,92,102,75,124,22,143,153,161,173,182,191,202,0
13,36,32,48,9572,65,72,81,91,101,72,122,28,143,151,162,173,182,191,202,0
11,24,34,45,1837,65,74,84,92,101,75,121,34,141,152,161,172,182,191,202,0
11,30,31,410,4249,65,71,84,94,101,73,122,28,143,151,162,174,182,191,202,0
11,30,31,410,5234,65,71,84,94,101,73,122,28,143,151,162,174,182,191,202,0
14,48,30,42,6758,65,73,83,92,101,73,122,31,143,151,161,173,182,192,202,0
14,9,30,42,1366,65,72,83,92,101,75,123,22,143,153,161,173,182,191,202,0
14,24,34,49,1358,64,75,84,93,101,74,122,40,142,151,161,174,182,192,202,0
14,18,30,41,2473,65,71,84,93,101,72,122,25,143,151,161,171,182,191,202,0
12,9,33,42,1337,65,72,84,93,101,73,122,34,143,151,162,174,182,192,202,0
14,48,30,410,7763,65,75,84,93,101,75,121,42,141,152,161,174,182,191,202,0
11,15,34,410,1264,61,73,82,94,101,73,123,25,143,153,161,173,182,191,202,0
11,15,30,410,2631,61,73,82,92,101,75,122,28,143,153,162,173,182,192,202,0
11,48,30,410,6560,61,74,83,93,101,73,123,24,143,151,161,173,182,191,202,0
14,24,30,410,3123,65,72,84,92,101,72,123,27,143,151,161,173,182,191,202,0
14,36,31,45,8065,65,73,83,92,101,73,121,25,143,151,162,174,182,192,202,0
14,24,30,42,2439,65,72,84,92,101,75,124,35,143,151,161,173,182,192,202,0
11,36,30,41,9034,61,72,84,93,102,72,121,29,143,153,161,174,182,192,202,0
11,60,30,410,14027,65,74,84,93,101,73,121,27,143,151,161,174,182,192,202,0
14,36,31,40,9629,65,74,84,93,101,75,122,24,143,151,162,173,182,192,202,0
11,12,30,42,1484,64,73,82,94,101,72,124,25,143,151,161,173,182,192,202,0
14,18,30,41,1131,65,71,84,92,101,73,122,33,143,151,161,173,182,191,202,0
11,24,32,41,2064,65,71,83,92,101,73,123,34,143,151,161,174,182,192,202,0
11,18,30,40,12976,65,71,83,92,101,75,121,38,143,152,161,174,182,192,202,0
13,21,32,48,2580,62,72,84,93,101,73,124,41,141,151,161,172,181,191,202,0
13,27,30,410,2570,65,73,83,92,101,74,124,21,143,153,161,173,182,191,202,0
11,27,30,48,3915,65,73,84,93,101,73,122,36,143,151,161,173,181,192,202,0
13,10,30,410,1309,64,73,84,93,103,75,123,27,143,151,161,172,182,191,202,0
14,24,30,410,4817,65,74,82,93,102,74,123,31,143,151,161,173,182,192,202,0
14,12,30,410,2579,65,72,84,93,101,72,124,33,143,151,161,172,181,191,202,0
11,36,32,410,2225,65,75,84,93,101,75,121,57,141,152,162,173,182,192,202,0
14,18,30,41,4153,65,73,82,93,102,74,122,42,143,151,161,173,182,191,202,0
14,18,33,41,3114,65,72,81,92,101,75,123,26,143,153,161,173,182,191,202,0
14,18,31,41,2124,65,73,84,92,101,75,124,24,143,153,162,173,182,191,202,0
14,18,34,41,1553,65,73,84,93,101,74,122,44,141,151,161,173,182,191,202,0
14,30,30,41,2406,65,74,84,92,101,75,124,23,143,153,161,173,182,191,202,0
14,24,32,410,1333,65,71,84,93,101,73,124,43,143,152,162,173,181,191,202,0
14,48,33,41,7119,65,73,83,93,101,75,121,53,143,152,162,173,181,191,202,0
14,24,32,410,4870,65,73,83,93,101,75,121,53,143,152,162,173,181,191,202,0
14,12,31,410,691,65,75,84,93,101,74,123,35,143,151,162,173,182,191,202,0
14,42,32,42,4370,65,74,83,93,101,73,123,26,141,151,162,173,181,192,202,0
14,36,34,41,2746,65,75,84,93,101,75,122,31,141,151,161,173,182,191,202,0
14,24,33,41,4110,65,75,83,93,101,75,121,23,141,153,162,173,181,191,202,0
14,18,30,41,2462,65,73,82,93,101,73,122,22,143,151,161,173,182,191,202,0
14,12,30,41,1282,65,73,82,92,101,75,122,20,143,153,161,173,182,191,202,0
11,12,33,41,2969,65,72,84,92,101,74,123,25,143,153,162,173,182,191,202,0
14,48,33,40,4605,65,75,83,93,101,75,121,24,143,152,162,173,181,191,202,0
14,48,31,40,6331,65,75,84,93,101,75,121,46,143,152,162,173,182,192,202,0
14,24,34,41,3552,65,74,83,93,101,75,122,27,141,151,161,173,182,191,202,0
14,12,34,410,697,65,72,84,93,101,73,122,46,141,151,162,173,182,192,202,0
14,24,30,410,1442,65,74,84,92,101,75,122,23,143,153,162,173,182,191,202,0
14,27,33,48,5293,65,71,82,93,101,75,123,50,143,151,162,173,182,192,202,0
14,21,32,45,3414,65,72,82,93,101,72,123,26,142,151,162,173,182,191,202,0
14,18,30,41,2039,65,73,81,92,101,75,124,20,143,153,161,173,182,191,202,0
14,24,34,48,3161,65,73,84,93,101,73,123,31,141,153,161,173,182,192,202,0
14,12,30,47,902,65,74,84,94,101,75,123,21,143,153,161,173,182,191,202,0
14,48,30,40,10297,65,74,84,93,101,75,121,39,143,152,163,173,181,192,202,0
11,48,33,48,14421,65,73,82,93,101,73,122,25,142,151,161,173,182,192,202,0
11,18,31,410,1056,65,75,83,93,103,74,124,30,143,151,162,173,182,191,202,0
14,12,30,410,1274,65,72,83,92,101,72,124,37,141,151,161,172,182,191,202,0
11,12,30,410,1223,65,75,81,91,101,72,124,46,143,153,162,173,182,191,202,0
14,12,30,410,1372,65,74,82,91,101,74,122,36,143,151,161,173,182,191,202,0
14,16,31,410,2625,65,75,82,93,103,75,123,43,143,153,161,173,182,192,201,0
14,20,31,410,2235,65,73,84,94,103,73,123,33,141,153,162,173,182,191,201,0
11,9,30,41,959,65,73,81,92,101,73,122,29,141,151,161,173,182,191,202,0
11,18,31,410,884,65,75,84,93,101,75,122,36,143,151,161,173,181,192,202,0
11,24,30,410,1246,65,72,84,93,101,73,124,23,141,151,161,172,182,191,202,0
11,36,32,410,8086,61,75,82,93,101,75,122,42,142,151,164,174,182,192,202,0
13,48,31,410,10127,62,73,82,93,101,73,121,44,143,152,161,173,182,191,202,0
11,12,30,410,888,65,75,84,93,101,75,122,41,141,151,161,172,181,191,202,0
13,12,30,45,719,65,75,84,93,101,75,122,41,141,151,161,172,181,191,202,0
11,36,30,410,12389,64,73,81,93,101,75,121,37,141,152,161,173,182,192,202,0
14,12,30,42,709,65,75,84,93,101,75,124,57,143,151,161,172,182,191,202,0
11,15,34,410,6850,61,71,81,93,101,73,123,34,142,151,161,174,181,192,202,0
13,10,30,41,2210,65,73,82,93,101,73,124,25,143,153,161,172,182,191,202,0
13,30,34,40,7485,64,71,84,92,101,72,124,53,141,151,161,174,182,192,202,0
14,18,34,410,1442,65,74,84,93,101,75,121,32,141,152,162,172,181,191,202,0
13,12,31,42,797,64,75,84,92,101,74,123,33,143,151,161,172,181,191,202,0
11,45,31,42,4746,65,72,84,93,101,73,123,24,141,151,162,172,182,191,202,0
12,12,31,410,939,62,74,84,94,101,73,124,28,143,151,163,173,182,192,202,0
11,21,30,48,1188,65,75,82,92,101,75,123,39,143,151,161,173,181,191,202,0
13,48,31,40,11590,61,73,82,92,101,75,122,24,143,153,162,172,182,191,202,0
12,12,34,48,609,65,72,84,92,101,72,124,26,141,151,161,171,182,191,202,0
14,18,31,44,1190,65,71,82,92,101,75,121,55,143,152,163,171,181,191,202,0
11,21,30,48,2767,61,75,84,91,101,73,122,61,143,153,162,172,182,191,202,0
11,30,30,41,3441,61,73,82,92,101,75,122,21,141,153,161,173,182,191,202,0
11,30,33,48,4280,61,73,84,92,101,75,122,26,143,153,162,172,182,191,202,0
11,24,30,42,3092,61,72,83,94,101,73,122,22,143,153,161,173,182,192,202,0
13,18,30,410,6761,64,73,82,93,101,75,122,68,142,153,162,173,182,191,202,0
11,12,30,42,1331,65,72,82,93,101,72,122,22,143,151,161,173,182,191,202,0
11,54,33,48,15945,65,72,83,93,101,75,121,58,143,153,161,173,182,192,202,0
14,24,30,41,3234,65,72,84,92,101,75,124,23,143,153,161,172,182,192,202,0
11,15,30,42,802,65,75,84,93,101,74,122,37,143,151,161,173,181,191,202,0
11,48,30,41,9960,65,72,81,92,101,73,122,26,141,151,161,173,182,192,202,0
13,24,32,48,8648,65,72,82,93,101,73,122,27,141,151,162,173,182,192,202,0
14,18,30,42,1345,65,73,84,94,101,74,124,26,143,151,161,173,182,191,202,0
14,45,30,42,1845,65,73,84,93,101,75,121,23,143,152,161,173,182,192,202,0
14,21,34,410,1647,64,73,84,93,101,73,123,40,141,151,162,172,181,191,202,0
13,48,30,48,4844,65,71,83,93,101,73,122,33,143,153,161,174,182,192,202,0
11,27,33,48,8318,65,75,82,92,101,75,121,42,142,152,162,174,182,192,202,0
12,18,30,42,2100,65,73,84,93,102,73,124,37,143,151,161,173,182,191,202,0
14,45,33,48,11816,65,75,82,93,101,75,122,29,143,153,162,173,182,191,202,0
14,6,30,45,448,65,72,84,92,101,75,123,23,143,151,161,173,182,191,202,0
14,30,30,44,11998,65,72,81,91,101,72,121,34,141,151,161,172,182,192,202,0
11,48,33,49,18424,65,73,81,92,101,73,123,32,141,151,161,174,182,192,201,0
14,6,30,410,14896,65,75,81,93,101,75,121,68,141,151,161,174,182,192,202,0
11,12,30,41,2762,64,75,81,92,101,73,123,25,143,151,161,173,182,192,202,0
14,12,30,40,3386,65,75,83,93,101,75,121,35,143,152,161,173,182,192,202,0
11,24,30,42,2039,65,72,81,94,101,72,123,22,143,151,161,173,182,192,202,0
13,18,32,48,2169,65,73,84,94,101,73,122,28,143,151,161,173,182,192,202,0
11,48,31,41,5096,65,73,82,92,101,74,122,30,143,151,161,174,182,192,202,0
14,18,30,42,1882,65,73,84,92,101,75,122,25,141,153,162,173,182,191,202,0
14,48,30,42,6999,65,74,81,94,103,72,124,34,143,151,162,173,182,192,202,0
13,12,31,48,2292,65,71,84,93,101,73,122,42,142,151,162,174,182,192,202,0
14,14,30,410,8978,65,75,81,91,101,75,123,45,143,151,161,174,182,192,201,0
14,12,30,42,674,61,74,84,94,101,72,123,20,143,151,161,173,182,191,202,0
14,18,30,410,976,65,72,81,92,101,73,122,23,143,151,161,172,182,191,202,0
11,24,30,410,2718,65,73,83,92,101,75,123,20,143,153,161,172,182,192,202,0
14,18,30,45,750,65,71,84,92,101,72,124,27,143,151,161,171,182,191,202,0
11,24,30,40,12579,65,75,84,92,101,73,121,44,143,152,161,174,182,192,202,0
14,18,30,40,7511,64,75,81,93,101,75,123,51,143,152,161,173,181,192,202,0
14,18,31,410,3966,65,75,81,92,101,75,124,33,141,153,163,173,182,192,202,0
14,12,33,42,6199,65,73,84,93,101,73,123,28,143,153,162,173,182,192,202,0
14,24,30,42,1987,65,73,82,93,101,75,124,21,143,153,161,172,181,191,202,0
14,24,30,410,2303,65,75,84,93,102,72,124,45,143,151,161,173,182,191,202,0
13,21,31,410,12680,64,75,84,93,101,75,121,30,143,152,161,174,182,192,202,0
11,12,30,42,6468,64,71,82,93,101,72,121,52,143,151,161,174,182,192,202,0
14,30,30,41,6350,64,75,84,93,101,75,123,31,143,151,161,173,182,191,202,0
